CREATE DATABASE  IF NOT EXISTS `port_dw` /*!40100 DEFAULT CHARACTER SET utf8 */ /*!80016 DEFAULT ENCRYPTION='N' */;
USE `port_dw`;
-- MySQL dump 10.13  Distrib 8.0.21, for Win64 (x86_64)
--
-- Host: localhost    Database: port_dw
-- ------------------------------------------------------
-- Server version	8.0.21

/*!40101 SET @OLD_CHARACTER_SET_CLIENT=@@CHARACTER_SET_CLIENT */;
/*!40101 SET @OLD_CHARACTER_SET_RESULTS=@@CHARACTER_SET_RESULTS */;
/*!40101 SET @OLD_COLLATION_CONNECTION=@@COLLATION_CONNECTION */;
/*!50503 SET NAMES utf8 */;
/*!40103 SET @OLD_TIME_ZONE=@@TIME_ZONE */;
/*!40103 SET TIME_ZONE='+00:00' */;
/*!40014 SET @OLD_UNIQUE_CHECKS=@@UNIQUE_CHECKS, UNIQUE_CHECKS=0 */;
/*!40014 SET @OLD_FOREIGN_KEY_CHECKS=@@FOREIGN_KEY_CHECKS, FOREIGN_KEY_CHECKS=0 */;
/*!40101 SET @OLD_SQL_MODE=@@SQL_MODE, SQL_MODE='NO_AUTO_VALUE_ON_ZERO' */;
/*!40111 SET @OLD_SQL_NOTES=@@SQL_NOTES, SQL_NOTES=0 */;

--
-- Table structure for table `date_dimension`
--

DROP TABLE IF EXISTS `date_dimension`;
/*!40101 SET @saved_cs_client     = @@character_set_client */;
/*!50503 SET character_set_client = utf8mb4 */;
CREATE TABLE `date_dimension` (
  `Date_Key` int NOT NULL AUTO_INCREMENT,
  `Day` int NOT NULL,
  `Month` int NOT NULL,
  `Year` int NOT NULL,
  `Quarter` int NOT NULL,
  PRIMARY KEY (`Date_Key`)
) ENGINE=InnoDB AUTO_INCREMENT=373 DEFAULT CHARSET=utf8;
/*!40101 SET character_set_client = @saved_cs_client */;

--
-- Dumping data for table `date_dimension`
--

LOCK TABLES `date_dimension` WRITE;
/*!40000 ALTER TABLE `date_dimension` DISABLE KEYS */;
INSERT INTO `date_dimension` VALUES (1,1,1,2020,1),(2,2,1,2020,1),(3,3,1,2020,1),(4,4,1,2020,1),(5,5,1,2020,1),(6,6,1,2020,1),(7,7,1,2020,1),(8,8,1,2020,1),(9,9,1,2020,1),(10,10,1,2020,1),(11,11,1,2020,1),(12,12,1,2020,1),(13,13,1,2020,1),(14,14,1,2020,1),(15,15,1,2020,1),(16,16,1,2020,1),(17,17,1,2020,1),(18,18,1,2020,1),(19,19,1,2020,1),(20,20,1,2020,1),(21,21,1,2020,1),(22,22,1,2020,1),(23,23,1,2020,1),(24,24,1,2020,1),(25,25,1,2020,1),(26,26,1,2020,1),(27,27,1,2020,1),(28,28,1,2020,1),(29,29,1,2020,1),(30,30,1,2020,1),(31,31,1,2020,1),(32,1,2,2020,1),(33,2,2,2020,1),(34,3,2,2020,1),(35,4,2,2020,1),(36,5,2,2020,1),(37,6,2,2020,1),(38,7,2,2020,1),(39,8,2,2020,1),(40,9,2,2020,1),(41,10,2,2020,1),(42,11,2,2020,1),(43,12,2,2020,1),(44,13,2,2020,1),(45,14,2,2020,1),(46,15,2,2020,1),(47,16,2,2020,1),(48,17,2,2020,1),(49,18,2,2020,1),(50,19,2,2020,1),(51,20,2,2020,1),(52,21,2,2020,1),(53,22,2,2020,1),(54,23,2,2020,1),(55,24,2,2020,1),(56,25,2,2020,1),(57,26,2,2020,1),(58,27,2,2020,1),(59,28,2,2020,1),(60,29,2,2020,1),(61,30,2,2020,1),(62,31,2,2020,1),(63,1,3,2020,1),(64,2,3,2020,1),(65,3,3,2020,1),(66,4,3,2020,1),(67,5,3,2020,1),(68,6,3,2020,1),(69,7,3,2020,1),(70,8,3,2020,1),(71,9,3,2020,1),(72,10,3,2020,1),(73,11,3,2020,1),(74,12,3,2020,1),(75,13,3,2020,1),(76,14,3,2020,1),(77,15,3,2020,1),(78,16,3,2020,1),(79,17,3,2020,1),(80,18,3,2020,1),(81,19,3,2020,1),(82,20,3,2020,1),(83,21,3,2020,1),(84,22,3,2020,1),(85,23,3,2020,1),(86,24,3,2020,1),(87,25,3,2020,1),(88,26,3,2020,1),(89,27,3,2020,1),(90,28,3,2020,1),(91,29,3,2020,1),(92,30,3,2020,1),(93,31,3,2020,1),(94,1,4,2020,2),(95,2,4,2020,2),(96,3,4,2020,2),(97,4,4,2020,2),(98,5,4,2020,2),(99,6,4,2020,2),(100,7,4,2020,2),(101,8,4,2020,2),(102,9,4,2020,2),(103,10,4,2020,2),(104,11,4,2020,2),(105,12,4,2020,2),(106,13,4,2020,2),(107,14,4,2020,2),(108,15,4,2020,2),(109,16,4,2020,2),(110,17,4,2020,2),(111,18,4,2020,2),(112,19,4,2020,2),(113,20,4,2020,2),(114,21,4,2020,2),(115,22,4,2020,2),(116,23,4,2020,2),(117,24,4,2020,2),(118,25,4,2020,2),(119,26,4,2020,2),(120,27,4,2020,2),(121,28,4,2020,2),(122,29,4,2020,2),(123,30,4,2020,2),(124,31,4,2020,2),(125,1,5,2020,2),(126,2,5,2020,2),(127,3,5,2020,2),(128,4,5,2020,2),(129,5,5,2020,2),(130,6,5,2020,2),(131,7,5,2020,2),(132,8,5,2020,2),(133,9,5,2020,2),(134,10,5,2020,2),(135,11,5,2020,2),(136,12,5,2020,2),(137,13,5,2020,2),(138,14,5,2020,2),(139,15,5,2020,2),(140,16,5,2020,2),(141,17,5,2020,2),(142,18,5,2020,2),(143,19,5,2020,2),(144,20,5,2020,2),(145,21,5,2020,2),(146,22,5,2020,2),(147,23,5,2020,2),(148,24,5,2020,2),(149,25,5,2020,2),(150,26,5,2020,2),(151,27,5,2020,2),(152,28,5,2020,2),(153,29,5,2020,2),(154,30,5,2020,2),(155,31,5,2020,2),(156,1,6,2020,2),(157,2,6,2020,2),(158,3,6,2020,2),(159,4,6,2020,2),(160,5,6,2020,2),(161,6,6,2020,2),(162,7,6,2020,2),(163,8,6,2020,2),(164,9,6,2020,2),(165,10,6,2020,2),(166,11,6,2020,2),(167,12,6,2020,2),(168,13,6,2020,2),(169,14,6,2020,2),(170,15,6,2020,2),(171,16,6,2020,2),(172,17,6,2020,2),(173,18,6,2020,2),(174,19,6,2020,2),(175,20,6,2020,2),(176,21,6,2020,2),(177,22,6,2020,2),(178,23,6,2020,2),(179,24,6,2020,2),(180,25,6,2020,2),(181,26,6,2020,2),(182,27,6,2020,2),(183,28,6,2020,2),(184,29,6,2020,2),(185,30,6,2020,2),(186,31,6,2020,2),(187,1,7,2020,3),(188,2,7,2020,3),(189,3,7,2020,3),(190,4,7,2020,3),(191,5,7,2020,3),(192,6,7,2020,3),(193,7,7,2020,3),(194,8,7,2020,3),(195,9,7,2020,3),(196,10,7,2020,3),(197,11,7,2020,3),(198,12,7,2020,3),(199,13,7,2020,3),(200,14,7,2020,3),(201,15,7,2020,3),(202,16,7,2020,3),(203,17,7,2020,3),(204,18,7,2020,3),(205,19,7,2020,3),(206,20,7,2020,3),(207,21,7,2020,3),(208,22,7,2020,3),(209,23,7,2020,3),(210,24,7,2020,3),(211,25,7,2020,3),(212,26,7,2020,3),(213,27,7,2020,3),(214,28,7,2020,3),(215,29,7,2020,3),(216,30,7,2020,3),(217,31,7,2020,3),(218,1,8,2020,3),(219,2,8,2020,3),(220,3,8,2020,3),(221,4,8,2020,3),(222,5,8,2020,3),(223,6,8,2020,3),(224,7,8,2020,3),(225,8,8,2020,3),(226,9,8,2020,3),(227,10,8,2020,3),(228,11,8,2020,3),(229,12,8,2020,3),(230,13,8,2020,3),(231,14,8,2020,3),(232,15,8,2020,3),(233,16,8,2020,3),(234,17,8,2020,3),(235,18,8,2020,3),(236,19,8,2020,3),(237,20,8,2020,3),(238,21,8,2020,3),(239,22,8,2020,3),(240,23,8,2020,3),(241,24,8,2020,3),(242,25,8,2020,3),(243,26,8,2020,3),(244,27,8,2020,3),(245,28,8,2020,3),(246,29,8,2020,3),(247,30,8,2020,3),(248,31,8,2020,3),(249,1,9,2020,3),(250,2,9,2020,3),(251,3,9,2020,3),(252,4,9,2020,3),(253,5,9,2020,3),(254,6,9,2020,3),(255,7,9,2020,3),(256,8,9,2020,3),(257,9,9,2020,3),(258,10,9,2020,3),(259,11,9,2020,3),(260,12,9,2020,3),(261,13,9,2020,3),(262,14,9,2020,3),(263,15,9,2020,3),(264,16,9,2020,3),(265,17,9,2020,3),(266,18,9,2020,3),(267,19,9,2020,3),(268,20,9,2020,3),(269,21,9,2020,3),(270,22,9,2020,3),(271,23,9,2020,3),(272,24,9,2020,3),(273,25,9,2020,3),(274,26,9,2020,3),(275,27,9,2020,3),(276,28,9,2020,3),(277,29,9,2020,3),(278,30,9,2020,3),(279,31,9,2020,3),(280,1,10,2020,4),(281,2,10,2020,4),(282,3,10,2020,4),(283,4,10,2020,4),(284,5,10,2020,4),(285,6,10,2020,4),(286,7,10,2020,4),(287,8,10,2020,4),(288,9,10,2020,4),(289,10,10,2020,4),(290,11,10,2020,4),(291,12,10,2020,4),(292,13,10,2020,4),(293,14,10,2020,4),(294,15,10,2020,4),(295,16,10,2020,4),(296,17,10,2020,4),(297,18,10,2020,4),(298,19,10,2020,4),(299,20,10,2020,4),(300,21,10,2020,4),(301,22,10,2020,4),(302,23,10,2020,4),(303,24,10,2020,4),(304,25,10,2020,4),(305,26,10,2020,4),(306,27,10,2020,4),(307,28,10,2020,4),(308,29,10,2020,4),(309,30,10,2020,4),(310,31,10,2020,4),(311,1,11,2020,4),(312,2,11,2020,4),(313,3,11,2020,4),(314,4,11,2020,4),(315,5,11,2020,4),(316,6,11,2020,4),(317,7,11,2020,4),(318,8,11,2020,4),(319,9,11,2020,4),(320,10,11,2020,4),(321,11,11,2020,4),(322,12,11,2020,4),(323,13,11,2020,4),(324,14,11,2020,4),(325,15,11,2020,4),(326,16,11,2020,4),(327,17,11,2020,4),(328,18,11,2020,4),(329,19,11,2020,4),(330,20,11,2020,4),(331,21,11,2020,4),(332,22,11,2020,4),(333,23,11,2020,4),(334,24,11,2020,4),(335,25,11,2020,4),(336,26,11,2020,4),(337,27,11,2020,4),(338,28,11,2020,4),(339,29,11,2020,4),(340,30,11,2020,4),(341,31,11,2020,4),(342,1,12,2020,4),(343,2,12,2020,4),(344,3,12,2020,4),(345,4,12,2020,4),(346,5,12,2020,4),(347,6,12,2020,4),(348,7,12,2020,4),(349,8,12,2020,4),(350,9,12,2020,4),(351,10,12,2020,4),(352,11,12,2020,4),(353,12,12,2020,4),(354,13,12,2020,4),(355,14,12,2020,4),(356,15,12,2020,4),(357,16,12,2020,4),(358,17,12,2020,4),(359,18,12,2020,4),(360,19,12,2020,4),(361,20,12,2020,4),(362,21,12,2020,4),(363,22,12,2020,4),(364,23,12,2020,4),(365,24,12,2020,4),(366,25,12,2020,4),(367,26,12,2020,4),(368,27,12,2020,4),(369,28,12,2020,4),(370,29,12,2020,4),(371,30,12,2020,4),(372,31,12,2020,4);
/*!40000 ALTER TABLE `date_dimension` ENABLE KEYS */;
UNLOCK TABLES;

--
-- Table structure for table `port_dimension`
--

DROP TABLE IF EXISTS `port_dimension`;
/*!40101 SET @saved_cs_client     = @@character_set_client */;
/*!50503 SET character_set_client = utf8mb4 */;
CREATE TABLE `port_dimension` (
  `Port_Key` int NOT NULL AUTO_INCREMENT,
  `Port_Code` varchar(5) NOT NULL,
  `Port_Name` varchar(25) NOT NULL,
  `Latitude` varchar(45) NOT NULL,
  `Longitude` varchar(45) NOT NULL,
  `Country_Code` varchar(2) NOT NULL,
  `Country_Name` varchar(45) NOT NULL,
  `State_Code` varchar(3) DEFAULT NULL,
  `State_Name` varchar(80) DEFAULT NULL,
  `State_Type` varchar(60) DEFAULT NULL,
  PRIMARY KEY (`Port_Key`)
) ENGINE=InnoDB AUTO_INCREMENT=17 DEFAULT CHARSET=utf8;
/*!40101 SET character_set_client = @saved_cs_client */;

--
-- Dumping data for table `port_dimension`
--

LOCK TABLES `port_dimension` WRITE;
/*!40000 ALTER TABLE `port_dimension` DISABLE KEYS */;
INSERT INTO `port_dimension` VALUES (1,'CAMTR','Seaport Montreal','45.50253','-73.5505','CA','Canada','QC','Quebec','Province'),(2,'GBLGP','Seaport London','51.50422','-0.07871','GB','United Kingdom',NULL,NULL,NULL),(3,'HNRTB','Seaport of Roatan','16.31317','-86.5448','HN','Honduras','IB','Islas de la Bahía','Department'),(4,'MXESE','Seaport Ensenada','31.8544','-116.623','MX','Mexico',NULL,NULL,NULL),(5,'NLRTM','Seaport Rotterdam','51.92','4.4','NL','Netherlands','ZH','Zuid-Holland','Province'),(6,'PTSIE','Seaport of Sines','37.93963','-8.85185','PT','Portugal',NULL,NULL,NULL),(7,'USAER','Seaport Ayer','42.56','-71.59','US','United States','MA','Massachusetts','State'),(8,'USATL','Seaport Atlanta','33.75','-84.39','US','United States','GA','Georgia','State'),(9,'USBAL','Seaport Baltimore','39.28','-76.58','US','United States','MD','Maryland','State'),(10,'USBPT','Seaport Beaumont','30.08','-94.08','US','United States','TX','Texas','State'),(11,'USEZA','Seaport Elizabeth','40.65056','-74.1778','US','United States','NJ','New Jersey','State'),(12,'USMIA','Seaport Miami','25.7802','-80.1975','US','United States','FL','Florida','State'),(13,'USMSY','Seaport New Orleans','29.96','-90.07','US','United States','LA','Louisiana','State'),(14,'USNYC','Seaport New York','40.69','-74.15','US','United States','NY','New York','State'),(15,'USPIT','Seaport Pittsburgh','40.44355','-79.9959','US','United States','PA','Pennsylvania','State'),(16,'USSFO','Seaport San Francisco','37.80438','-122.41','US','United States','CA','California','State');
/*!40000 ALTER TABLE `port_dimension` ENABLE KEYS */;
UNLOCK TABLES;

--
-- Table structure for table `product_dimension`
--

DROP TABLE IF EXISTS `product_dimension`;
/*!40101 SET @saved_cs_client     = @@character_set_client */;
/*!50503 SET character_set_client = utf8mb4 */;
CREATE TABLE `product_dimension` (
  `Product_Key` int NOT NULL AUTO_INCREMENT,
  `Product_ID` int NOT NULL,
  `Product_Measure` varchar(30) NOT NULL COMMENT 'Ton, Container, Kg, Liter, etc.',
  `Bulk_OR_Container` tinyint NOT NULL,
  `Product_Name` varchar(130) NOT NULL,
  `Product_Type` varchar(45) NOT NULL,
  PRIMARY KEY (`Product_Key`)
) ENGINE=InnoDB AUTO_INCREMENT=1025 DEFAULT CHARSET=utf8;
/*!40101 SET character_set_client = @saved_cs_client */;

--
-- Dumping data for table `product_dimension`
--

LOCK TABLES `product_dimension` WRITE;
/*!40000 ALTER TABLE `product_dimension` DISABLE KEYS */;
INSERT INTO `product_dimension` VALUES (1,1,'Pounds',1,'Jaguar','Automobile/Car'),(2,2,'Pounds',1,'Mercedes-Benz','Automobile/Car'),(3,3,'Pounds',1,'Mercury','Automobile/Car'),(4,4,'Pounds',0,'Lincoln','Automobile/Car'),(5,5,'Pounds',0,'Honda','Automobile/Car'),(6,6,'Pounds',0,'Mazda','Automobile/Car'),(7,7,'Pounds',0,'GMC','Automobile/Car'),(8,8,'Pounds',0,'Mazda','Automobile/Car'),(9,9,'Pounds',1,'Ford','Automobile/Car'),(10,10,'Pounds',1,'Mercury','Automobile/Car'),(11,11,'Pounds',0,'Lexus','Automobile/Car'),(12,12,'Pounds',1,'Audi','Automobile/Car'),(13,13,'Pounds',0,'Nissan','Automobile/Car'),(14,14,'Pounds',1,'Buick','Automobile/Car'),(15,15,'Pounds',0,'Pontiac','Automobile/Car'),(16,16,'Pounds',1,'Ferrari','Automobile/Car'),(17,17,'Pounds',0,'Isuzu','Automobile/Car'),(18,18,'Pounds',1,'Audi','Automobile/Car'),(19,19,'Pounds',0,'Mazda','Automobile/Car'),(20,20,'Pounds',1,'Volkswagen','Automobile/Car'),(21,21,'Pounds',1,'GMC','Automobile/Car'),(22,22,'Pounds',0,'Ford','Automobile/Car'),(23,23,'Pounds',1,'Lexus','Automobile/Car'),(24,24,'Pounds',1,'Volvo','Automobile/Car'),(25,25,'Pounds',1,'Volkswagen','Automobile/Car'),(26,26,'Pounds',0,'MINI','Automobile/Car'),(27,27,'Pounds',1,'Daewoo','Automobile/Car'),(28,28,'Pounds',0,'Honda','Automobile/Car'),(29,29,'Pounds',1,'Mitsubishi','Automobile/Car'),(30,30,'Pounds',0,'Audi','Automobile/Car'),(31,31,'Pounds',0,'Plymouth','Automobile/Car'),(32,32,'Pounds',1,'Subaru','Automobile/Car'),(33,33,'Pounds',0,'Ford','Automobile/Car'),(34,34,'Pounds',1,'Mazda','Automobile/Car'),(35,35,'Pounds',1,'Ford','Automobile/Car'),(36,36,'Pounds',1,'Ford','Automobile/Car'),(37,37,'Pounds',0,'Oldsmobile','Automobile/Car'),(38,38,'Pounds',0,'Oldsmobile','Automobile/Car'),(39,39,'Pounds',0,'Lexus','Automobile/Car'),(40,40,'Pounds',0,'Lexus','Automobile/Car'),(41,41,'Pounds',1,'Eagle','Automobile/Car'),(42,42,'Pounds',0,'Toyota','Automobile/Car'),(43,43,'Pounds',1,'Chevrolet','Automobile/Car'),(44,44,'Pounds',1,'GMC','Automobile/Car'),(45,45,'Pounds',0,'Maybach','Automobile/Car'),(46,46,'Pounds',0,'Suzuki','Automobile/Car'),(47,47,'Pounds',1,'Chrysler','Automobile/Car'),(48,48,'Pounds',1,'BMW','Automobile/Car'),(49,49,'Pounds',1,'Chevrolet','Automobile/Car'),(50,50,'Pounds',0,'Buick','Automobile/Car'),(51,51,'Pounds',1,'Hummer','Automobile/Car'),(52,52,'Pounds',1,'Pontiac','Automobile/Car'),(53,53,'Pounds',1,'Ford','Automobile/Car'),(54,54,'Pounds',0,'Kia','Automobile/Car'),(55,55,'Pounds',1,'Land Rover','Automobile/Car'),(56,56,'Pounds',1,'Infiniti','Automobile/Car'),(57,57,'Pounds',0,'Mitsubishi','Automobile/Car'),(58,58,'Pounds',0,'Jensen','Automobile/Car'),(59,59,'Pounds',0,'Chevrolet','Automobile/Car'),(60,60,'Pounds',1,'Dodge','Automobile/Car'),(61,61,'Pounds',0,'Jeep','Automobile/Car'),(62,62,'Pounds',1,'Nissan','Automobile/Car'),(63,63,'Pounds',1,'Oldsmobile','Automobile/Car'),(64,64,'Pounds',0,'Lexus','Automobile/Car'),(65,65,'Pounds',1,'Buick','Automobile/Car'),(66,66,'Pounds',1,'Toyota','Automobile/Car'),(67,67,'Pounds',0,'Isuzu','Automobile/Car'),(68,68,'Pounds',1,'Lincoln','Automobile/Car'),(69,69,'Pounds',1,'Chevrolet','Automobile/Car'),(70,70,'Pounds',1,'Mercedes-Benz','Automobile/Car'),(71,71,'Pounds',1,'Buick','Automobile/Car'),(72,72,'Pounds',1,'Saturn','Automobile/Car'),(73,73,'Pounds',0,'Dodge','Automobile/Car'),(74,74,'Pounds',0,'Nissan','Automobile/Car'),(75,75,'Pounds',0,'Oldsmobile','Automobile/Car'),(76,76,'Pounds',0,'Cadillac','Automobile/Car'),(77,77,'Pounds',1,'Ford','Automobile/Car'),(78,78,'Pounds',1,'Ford','Automobile/Car'),(79,79,'Pounds',1,'BMW','Automobile/Car'),(80,80,'Pounds',0,'Mercury','Automobile/Car'),(81,81,'Pounds',1,'Audi','Automobile/Car'),(82,82,'Pounds',0,'Mazda','Automobile/Car'),(83,83,'Pounds',0,'Audi','Automobile/Car'),(84,84,'Pounds',1,'Mercedes-Benz','Automobile/Car'),(85,85,'Pounds',0,'Acura','Automobile/Car'),(86,86,'Pounds',1,'GMC','Automobile/Car'),(87,87,'Pounds',0,'Cadillac','Automobile/Car'),(88,88,'Pounds',0,'Jeep','Automobile/Car'),(89,89,'Pounds',1,'Ford','Automobile/Car'),(90,90,'Pounds',0,'Mitsubishi','Automobile/Car'),(91,91,'Pounds',1,'Ford','Automobile/Car'),(92,92,'Pounds',1,'Ferrari','Automobile/Car'),(93,93,'Pounds',1,'Dodge','Automobile/Car'),(94,94,'Pounds',0,'Ford','Automobile/Car'),(95,95,'Pounds',1,'Cadillac','Automobile/Car'),(96,96,'Pounds',1,'Plymouth','Automobile/Car'),(97,97,'Pounds',0,'Mitsubishi','Automobile/Car'),(98,98,'Pounds',0,'Mercedes-Benz','Automobile/Car'),(99,99,'Pounds',0,'Porsche','Automobile/Car'),(100,100,'Pounds',0,'Chevrolet','Automobile/Car'),(101,101,'Pounds',0,'Toyota','Automobile/Car'),(102,102,'Pounds',1,'Acura','Automobile/Car'),(103,103,'Pounds',0,'Ford','Automobile/Car'),(104,104,'Pounds',1,'Pontiac','Automobile/Car'),(105,105,'Pounds',1,'Honda','Automobile/Car'),(106,106,'Pounds',1,'Daewoo','Automobile/Car'),(107,107,'Pounds',0,'Ford','Automobile/Car'),(108,108,'Pounds',1,'Pontiac','Automobile/Car'),(109,109,'Pounds',0,'Mazda','Automobile/Car'),(110,110,'Pounds',0,'Dodge','Automobile/Car'),(111,111,'Pounds',0,'Cadillac','Automobile/Car'),(112,112,'Pounds',0,'Volkswagen','Automobile/Car'),(113,113,'Pounds',0,'Cadillac','Automobile/Car'),(114,114,'Pounds',1,'Mazda','Automobile/Car'),(115,115,'Pounds',1,'Toyota','Automobile/Car'),(116,116,'Pounds',0,'Mercury','Automobile/Car'),(117,117,'Pounds',0,'Cadillac','Automobile/Car'),(118,118,'Pounds',1,'Toyota','Automobile/Car'),(119,119,'Pounds',0,'Chevrolet','Automobile/Car'),(120,120,'Pounds',0,'Chevrolet','Automobile/Car'),(121,121,'Pounds',1,'Chevrolet','Automobile/Car'),(122,122,'Pounds',0,'Infiniti','Automobile/Car'),(123,123,'Pounds',0,'Jeep','Automobile/Car'),(124,124,'Pounds',0,'Ford','Automobile/Car'),(125,125,'Pounds',0,'Hyundai','Automobile/Car'),(126,126,'Pounds',1,'Maserati','Automobile/Car'),(127,127,'Pounds',1,'Volkswagen','Automobile/Car'),(128,128,'Pounds',1,'Infiniti','Automobile/Car'),(129,129,'Pounds',0,'Lexus','Automobile/Car'),(130,130,'Pounds',1,'Mitsubishi','Automobile/Car'),(131,131,'Pounds',0,'Chevrolet','Automobile/Car'),(132,132,'Pounds',1,'Audi','Automobile/Car'),(133,133,'Pounds',0,'Oldsmobile','Automobile/Car'),(134,134,'Pounds',0,'Chevrolet','Automobile/Car'),(135,135,'Pounds',1,'Mitsubishi','Automobile/Car'),(136,136,'Pounds',1,'GMC','Automobile/Car'),(137,137,'Pounds',1,'Hyundai','Automobile/Car'),(138,138,'Pounds',0,'Lincoln','Automobile/Car'),(139,139,'Pounds',1,'Ford','Automobile/Car'),(140,140,'Pounds',0,'GMC','Automobile/Car'),(141,141,'Pounds',1,'Dodge','Automobile/Car'),(142,142,'Pounds',0,'Saab','Automobile/Car'),(143,143,'Pounds',1,'Land Rover','Automobile/Car'),(144,144,'Pounds',1,'Mercedes-Benz','Automobile/Car'),(145,145,'Pounds',0,'BMW','Automobile/Car'),(146,146,'Pounds',1,'Subaru','Automobile/Car'),(147,147,'Pounds',0,'Lexus','Automobile/Car'),(148,148,'Pounds',0,'Mercedes-Benz','Automobile/Car'),(149,149,'Pounds',0,'Ford','Automobile/Car'),(150,150,'Pounds',1,'Kia','Automobile/Car'),(151,151,'Pounds',0,'Ford','Automobile/Car'),(152,152,'Pounds',0,'Chevrolet','Automobile/Car'),(153,153,'Pounds',1,'Buick','Automobile/Car'),(154,154,'Pounds',1,'Oldsmobile','Automobile/Car'),(155,155,'Pounds',1,'Volkswagen','Automobile/Car'),(156,156,'Pounds',1,'Ferrari','Automobile/Car'),(157,157,'Pounds',0,'Chevrolet','Automobile/Car'),(158,158,'Pounds',1,'Scion','Automobile/Car'),(159,159,'Pounds',0,'Mitsubishi','Automobile/Car'),(160,160,'Pounds',0,'Volkswagen','Automobile/Car'),(161,161,'Pounds',1,'Toyota','Automobile/Car'),(162,162,'Pounds',1,'Chevrolet','Automobile/Car'),(163,163,'Pounds',0,'Saab','Automobile/Car'),(164,164,'Pounds',0,'Mitsubishi','Automobile/Car'),(165,165,'Pounds',0,'Toyota','Automobile/Car'),(166,166,'Pounds',1,'Ford','Automobile/Car'),(167,167,'Pounds',0,'Ford','Automobile/Car'),(168,168,'Pounds',1,'Toyota','Automobile/Car'),(169,169,'Pounds',1,'Porsche','Automobile/Car'),(170,170,'Pounds',0,'Honda','Automobile/Car'),(171,171,'Pounds',1,'Nissan','Automobile/Car'),(172,172,'Pounds',0,'Chrysler','Automobile/Car'),(173,173,'Pounds',0,'GMC','Automobile/Car'),(174,174,'Pounds',0,'Land Rover','Automobile/Car'),(175,175,'Pounds',0,'Volkswagen','Automobile/Car'),(176,176,'Pounds',1,'Mazda','Automobile/Car'),(177,177,'Pounds',1,'Nissan','Automobile/Car'),(178,178,'Pounds',0,'Ford','Automobile/Car'),(179,179,'Pounds',1,'Mercedes-Benz','Automobile/Car'),(180,180,'Pounds',0,'Acura','Automobile/Car'),(181,181,'Pounds',0,'Audi','Automobile/Car'),(182,182,'Pounds',0,'GMC','Automobile/Car'),(183,183,'Pounds',1,'Toyota','Automobile/Car'),(184,184,'Pounds',0,'Mercury','Automobile/Car'),(185,185,'Pounds',1,'Toyota','Automobile/Car'),(186,186,'Pounds',1,'Toyota','Automobile/Car'),(187,187,'Pounds',0,'Kia','Automobile/Car'),(188,188,'Pounds',0,'Ford','Automobile/Car'),(189,189,'Pounds',0,'Mitsubishi','Automobile/Car'),(190,190,'Pounds',0,'Kia','Automobile/Car'),(191,191,'Pounds',0,'Nissan','Automobile/Car'),(192,192,'Pounds',1,'Mazda','Automobile/Car'),(193,193,'Pounds',0,'Ford','Automobile/Car'),(194,194,'Pounds',0,'Buick','Automobile/Car'),(195,195,'Pounds',0,'Ford','Automobile/Car'),(196,196,'Pounds',1,'Toyota','Automobile/Car'),(197,197,'Pounds',0,'Toyota','Automobile/Car'),(198,198,'Pounds',0,'Aston Martin','Automobile/Car'),(199,199,'Pounds',1,'Chevrolet','Automobile/Car'),(200,200,'Pounds',0,'Infiniti','Automobile/Car'),(201,201,'Pounds',0,'GMC','Automobile/Car'),(202,202,'Pounds',1,'Subaru','Automobile/Car'),(203,203,'Pounds',0,'Honda','Automobile/Car'),(204,204,'Pounds',0,'Acura','Automobile/Car'),(205,205,'Pounds',0,'Nissan','Automobile/Car'),(206,206,'Pounds',1,'Nissan','Automobile/Car'),(207,207,'Pounds',0,'Mercedes-Benz','Automobile/Car'),(208,208,'Pounds',0,'Pontiac','Automobile/Car'),(209,209,'Pounds',1,'Lincoln','Automobile/Car'),(210,210,'Pounds',0,'Ford','Automobile/Car'),(211,211,'Pounds',1,'Jeep','Automobile/Car'),(212,212,'Pounds',0,'Buick','Automobile/Car'),(213,213,'Pounds',1,'Mitsubishi','Automobile/Car'),(214,214,'Pounds',0,'Ford','Automobile/Car'),(215,215,'Pounds',1,'Audi','Automobile/Car'),(216,216,'Pounds',1,'Dodge','Automobile/Car'),(217,217,'Pounds',1,'Dodge','Automobile/Car'),(218,218,'Pounds',0,'Mercedes-Benz','Automobile/Car'),(219,219,'Pounds',0,'Cadillac','Automobile/Car'),(220,220,'Pounds',1,'Mercedes-Benz','Automobile/Car'),(221,221,'Pounds',1,'Lexus','Automobile/Car'),(222,222,'Pounds',0,'Volvo','Automobile/Car'),(223,223,'Pounds',0,'Dodge','Automobile/Car'),(224,224,'Pounds',0,'Chevrolet','Automobile/Car'),(225,225,'Pounds',1,'Land Rover','Automobile/Car'),(226,226,'Pounds',1,'Eagle','Automobile/Car'),(227,227,'Pounds',1,'Pontiac','Automobile/Car'),(228,228,'Pounds',1,'Pontiac','Automobile/Car'),(229,229,'Pounds',0,'GMC','Automobile/Car'),(230,230,'Pounds',0,'Aston Martin','Automobile/Car'),(231,231,'Pounds',1,'Nissan','Automobile/Car'),(232,232,'Pounds',0,'Chevrolet','Automobile/Car'),(233,233,'Pounds',1,'Chevrolet','Automobile/Car'),(234,234,'Pounds',1,'Volkswagen','Automobile/Car'),(235,235,'Pounds',1,'Honda','Automobile/Car'),(236,236,'Pounds',0,'Ford','Automobile/Car'),(237,237,'Pounds',0,'Subaru','Automobile/Car'),(238,238,'Pounds',0,'Hyundai','Automobile/Car'),(239,239,'Pounds',0,'Lincoln','Automobile/Car'),(240,240,'Pounds',0,'Morgan','Automobile/Car'),(241,241,'Pounds',1,'Nissan','Automobile/Car'),(242,242,'Pounds',0,'Ford','Automobile/Car'),(243,243,'Pounds',0,'Chevrolet','Automobile/Car'),(244,244,'Pounds',0,'MINI','Automobile/Car'),(245,245,'Pounds',0,'Pontiac','Automobile/Car'),(246,246,'Pounds',1,'Volkswagen','Automobile/Car'),(247,247,'Pounds',1,'Mercury','Automobile/Car'),(248,248,'Pounds',1,'Mercury','Automobile/Car'),(249,249,'Pounds',0,'Infiniti','Automobile/Car'),(250,250,'Pounds',0,'Isuzu','Automobile/Car'),(251,251,'Pounds',1,'Ford','Automobile/Car'),(252,252,'Pounds',0,'Pontiac','Automobile/Car'),(253,253,'Pounds',1,'Chrysler','Automobile/Car'),(254,254,'Pounds',0,'Mercedes-Benz','Automobile/Car'),(255,255,'Pounds',1,'Dodge','Automobile/Car'),(256,256,'Pounds',1,'GMC','Automobile/Car'),(257,257,'Pounds',0,'Kia','Automobile/Car'),(258,258,'Pounds',0,'Mercedes-Benz','Automobile/Car'),(259,259,'Pounds',0,'Mitsubishi','Automobile/Car'),(260,260,'Pounds',1,'BMW','Automobile/Car'),(261,261,'Pounds',0,'Lotus','Automobile/Car'),(262,262,'Pounds',0,'Suzuki','Automobile/Car'),(263,263,'Pounds',1,'Saab','Automobile/Car'),(264,264,'Pounds',1,'Lexus','Automobile/Car'),(265,265,'Pounds',0,'Scion','Automobile/Car'),(266,266,'Pounds',1,'Mercury','Automobile/Car'),(267,267,'Pounds',0,'Dodge','Automobile/Car'),(268,268,'Pounds',1,'Mitsubishi','Automobile/Car'),(269,269,'Pounds',0,'Nissan','Automobile/Car'),(270,270,'Pounds',0,'Volkswagen','Automobile/Car'),(271,271,'Pounds',0,'Ford','Automobile/Car'),(272,272,'Pounds',1,'Chevrolet','Automobile/Car'),(273,273,'Pounds',0,'GMC','Automobile/Car'),(274,274,'Pounds',1,'Pontiac','Automobile/Car'),(275,275,'Pounds',0,'Lexus','Automobile/Car'),(276,276,'Pounds',0,'Jeep','Automobile/Car'),(277,277,'Pounds',0,'Volvo','Automobile/Car'),(278,278,'Pounds',1,'Mitsubishi','Automobile/Car'),(279,279,'Pounds',0,'Audi','Automobile/Car'),(280,280,'Pounds',1,'Volkswagen','Automobile/Car'),(281,281,'Pounds',1,'Nissan','Automobile/Car'),(282,282,'Pounds',0,'GMC','Automobile/Car'),(283,283,'Pounds',0,'Volvo','Automobile/Car'),(284,284,'Pounds',0,'Chevrolet','Automobile/Car'),(285,285,'Pounds',1,'Maserati','Automobile/Car'),(286,286,'Pounds',1,'Kia','Automobile/Car'),(287,287,'Pounds',0,'Nissan','Automobile/Car'),(288,288,'Pounds',1,'GMC','Automobile/Car'),(289,289,'Pounds',1,'Mazda','Automobile/Car'),(290,290,'Pounds',0,'Infiniti','Automobile/Car'),(291,291,'Pounds',1,'Geo','Automobile/Car'),(292,292,'Pounds',0,'Ford','Automobile/Car'),(293,293,'Pounds',0,'Chrysler','Automobile/Car'),(294,294,'Pounds',1,'GMC','Automobile/Car'),(295,295,'Pounds',1,'Mercury','Automobile/Car'),(296,296,'Pounds',1,'Lincoln','Automobile/Car'),(297,297,'Pounds',0,'Infiniti','Automobile/Car'),(298,298,'Pounds',0,'Volvo','Automobile/Car'),(299,299,'Pounds',1,'Ferrari','Automobile/Car'),(300,300,'pounds',0,'Cyclobenzaprin HCl','Healthcare/Pharmacy'),(301,301,'pounds',1,'Doxycycline Hyclate','Healthcare/Pharmacy'),(302,302,'pounds',0,'Hydrochlorothiazide','Healthcare/Pharmacy'),(303,303,'pounds',0,'Simvastatin','Healthcare/Pharmacy'),(304,304,'pounds',1,'Diovan HCT','Healthcare/Pharmacy'),(305,305,'pounds',1,'Simvastatin','Healthcare/Pharmacy'),(306,306,'pounds',1,'Sertraline HCl','Healthcare/Pharmacy'),(307,307,'pounds',0,'Actos','Healthcare/Pharmacy'),(308,308,'pounds',0,'Amoxicillin','Healthcare/Pharmacy'),(309,309,'pounds',1,'Enalapril Maleate','Healthcare/Pharmacy'),(310,310,'pounds',1,'Furosemide','Healthcare/Pharmacy'),(311,311,'pounds',0,'Furosemide','Healthcare/Pharmacy'),(312,312,'pounds',1,'Diazepam','Healthcare/Pharmacy'),(313,313,'pounds',1,'Zyprexa','Healthcare/Pharmacy'),(314,314,'pounds',1,'Amphetamine Salts','Healthcare/Pharmacy'),(315,315,'pounds',1,'Cephalexin','Healthcare/Pharmacy'),(316,316,'pounds',0,'APAP/Codeine','Healthcare/Pharmacy'),(317,317,'pounds',0,'Naproxen','Healthcare/Pharmacy'),(318,318,'pounds',0,'Lisinopril','Healthcare/Pharmacy'),(319,319,'pounds',0,'Ciprofloxacin HCl','Healthcare/Pharmacy'),(320,320,'pounds',0,'Amoxicillin Trihydrate/Potassium Clavulanate','Healthcare/Pharmacy'),(321,321,'pounds',0,'Ciprofloxacin HCl','Healthcare/Pharmacy'),(322,322,'pounds',1,'Omeprazole (Rx)','Healthcare/Pharmacy'),(323,323,'lb',1,'Losartan Potassium','Healthcare/Pharmacy'),(324,324,'lb',0,'Symbicort','Healthcare/Pharmacy'),(325,325,'lb',1,'Tramadol HCl','Healthcare/Pharmacy'),(326,326,'lb',0,'Sertraline HCl','Healthcare/Pharmacy'),(327,327,'lb',0,'Simvastatin','Healthcare/Pharmacy'),(328,328,'pounds',0,'Levothyroxine Sodium','Healthcare/Pharmacy'),(329,329,'pounds',1,'Lidoderm','Healthcare/Pharmacy'),(330,330,'pounds',0,'Enalapril Maleate','Healthcare/Pharmacy'),(331,331,'pounds',1,'Cymbalta','Healthcare/Pharmacy'),(332,332,'pounds',0,'Klor-Con M20','Healthcare/Pharmacy'),(333,333,'lb',0,'Carvedilol','Healthcare/Pharmacy'),(334,334,'lb',0,'Seroquel','Healthcare/Pharmacy'),(335,335,'lb',0,'Diovan','Healthcare/Pharmacy'),(336,336,'lb',1,'Amlodipine Besylate','Healthcare/Pharmacy'),(337,337,'lb',1,'Ciprofloxacin HCl','Healthcare/Pharmacy'),(338,338,'ounces',1,'Zetia','Healthcare/Pharmacy'),(339,339,'ounces',1,'Alprazolam','Healthcare/Pharmacy'),(340,340,'ounces',0,'Promethazine HCl','Healthcare/Pharmacy'),(341,341,'ounces',1,'Carvedilol','Healthcare/Pharmacy'),(342,342,'ounces',0,'Amlodipine Besylate','Healthcare/Pharmacy'),(343,343,'ounces',0,'Simvastatin','Healthcare/Pharmacy'),(344,344,'ounces',0,'Ibuprofen (Rx)','Healthcare/Pharmacy'),(345,345,'ounces',1,'Triamcinolone Acetonide','Healthcare/Pharmacy'),(346,346,'ounces',0,'Levoxyl','Healthcare/Pharmacy'),(347,347,'ounces',0,'Alendronate Sodium','Healthcare/Pharmacy'),(348,348,'ounces',0,'Oxycontin','Healthcare/Pharmacy'),(349,349,'ounces',0,'Alprazolam','Healthcare/Pharmacy'),(350,350,'ounces',0,'Sertraline HCl','Healthcare/Pharmacy'),(351,351,'ounces',0,'Ibuprofen (Rx)','Healthcare/Pharmacy'),(352,352,'ounces',0,'Diazepam','Healthcare/Pharmacy'),(353,353,'ounces',1,'Azithromycin','Healthcare/Pharmacy'),(354,354,'ounces',1,'Nasonex','Healthcare/Pharmacy'),(355,355,'ounces',0,'Alprazolam','Healthcare/Pharmacy'),(356,356,'ounces',1,'Advair Diskus','Healthcare/Pharmacy'),(357,357,'ounces',0,'Fluticasone Propionate','Healthcare/Pharmacy'),(358,358,'ounces',0,'Prednisone','Healthcare/Pharmacy'),(359,359,'ounces',0,'Azithromycin','Healthcare/Pharmacy'),(360,360,'pounds',1,'APAP/Codeine','Healthcare/Pharmacy'),(361,361,'pounds',1,'Amoxicillin','Healthcare/Pharmacy'),(362,362,'pounds',0,'Furosemide','Healthcare/Pharmacy'),(363,363,'pounds',0,'Lorazepam','Healthcare/Pharmacy'),(364,364,'pounds',0,'Risperidone','Healthcare/Pharmacy'),(365,365,'pounds',0,'Bystolic','Healthcare/Pharmacy'),(366,366,'lb',1,'Metformin HCl','Healthcare/Pharmacy'),(367,367,'lb',1,'Fluoxetine HCl','Healthcare/Pharmacy'),(368,368,'lb',0,'Lisinopril','Healthcare/Pharmacy'),(369,369,'lb',1,'Gabapentin','Healthcare/Pharmacy'),(370,370,'lb',0,'Allopurinol','Healthcare/Pharmacy'),(371,371,'lb',1,'Naproxen','Healthcare/Pharmacy'),(372,372,'lb',1,'Triamterene/Hydrochlorothiazide','Healthcare/Pharmacy'),(373,373,'pounds',0,'Levaquin','Healthcare/Pharmacy'),(374,374,'pounds',1,'Benicar HCT','Healthcare/Pharmacy'),(375,375,'pounds',1,'Clindamycin HCl','Healthcare/Pharmacy'),(376,376,'pounds',1,'Nasonex','Healthcare/Pharmacy'),(377,377,'pounds',1,'Pravastatin Sodium','Healthcare/Pharmacy'),(378,378,'pounds',0,'Nasonex','Healthcare/Pharmacy'),(379,379,'pounds',1,'Ranitidine HCl','Healthcare/Pharmacy'),(380,380,'pounds',0,'APAP/Codeine','Healthcare/Pharmacy'),(381,381,'pounds',0,'Symbicort','Healthcare/Pharmacy'),(382,382,'pounds',1,'Penicillin VK','Healthcare/Pharmacy'),(383,383,'pounds',0,'Fluconazole','Healthcare/Pharmacy'),(384,384,'pounds',0,'Famotidine','Healthcare/Pharmacy'),(385,385,'pounds',1,'Carvedilol','Healthcare/Pharmacy'),(386,386,'pounds',0,'Endocet','Healthcare/Pharmacy'),(387,387,'pounds',0,'Bystolic','Healthcare/Pharmacy'),(388,388,'pounds',1,'Paroxetine HCl','Healthcare/Pharmacy'),(389,389,'pounds',0,'Triamcinolone Acetonide','Healthcare/Pharmacy'),(390,390,'pounds',1,'Celebrex','Healthcare/Pharmacy'),(391,391,'ounces',1,'Bystolic','Healthcare/Pharmacy'),(392,392,'ounces',1,'Abilify','Healthcare/Pharmacy'),(393,393,'ounces',1,'Albuterol','Healthcare/Pharmacy'),(394,394,'ounces',1,'Tramadol HCl','Healthcare/Pharmacy'),(395,395,'ounces',0,'Metformin HCl','Healthcare/Pharmacy'),(396,396,'ounces',0,'Carisoprodol','Healthcare/Pharmacy'),(397,397,'ounces',0,'Triamcinolone Acetonide','Healthcare/Pharmacy'),(398,398,'ounces',0,'Doxycycline Hyclate','Healthcare/Pharmacy'),(399,399,'oz',1,'Potassium Chloride','Healthcare/Pharmacy'),(400,400,'oz',0,'stews','Food'),(401,401,'oz',0,'salads','Food'),(402,402,'oz',0,'pies','Food'),(403,403,'oz',0,'soups','Food'),(404,404,'oz',0,'cereals','Food'),(405,405,'oz',1,'noodles','Food'),(406,406,'oz',0,'sandwiches','Food'),(407,407,'pounds',0,'desserts','Food'),(408,408,'pounds',1,'pies','Food'),(409,409,'pounds',0,'soups','Food'),(410,410,'pounds',1,'desserts','Food'),(411,411,'pounds',1,'pasta','Food'),(412,412,'pounds',0,'soups','Food'),(413,413,'pounds',1,'noodles','Food'),(414,414,'pounds',1,'cereals','Food'),(415,415,'pounds',1,'sandwiches','Food'),(416,416,'pounds',0,'soups','Food'),(417,417,'pounds',1,'stews','Food'),(418,418,'pounds',1,'cereals','Food'),(419,419,'pounds',0,'stews','Food'),(420,420,'pounds',0,'sandwiches','Food'),(421,421,'pounds',0,'soups','Food'),(422,422,'pounds',1,'stews','Food'),(423,423,'pounds',1,'sandwiches','Food'),(424,424,'pounds',1,'pasta','Food'),(425,425,'pounds',1,'salads','Food'),(426,426,'pounds',1,'salads','Food'),(427,427,'pounds',1,'pies','Food'),(428,428,'pounds',1,'pies','Food'),(429,429,'pounds',0,'noodles','Food'),(430,430,'pounds',1,'seafood','Food'),(431,431,'pounds',0,'desserts','Food'),(432,432,'pounds',0,'salads','Food'),(433,433,'pounds',1,'soups','Food'),(434,434,'pounds',0,'noodles','Food'),(435,435,'pounds',1,'salads','Food'),(436,436,'pounds',1,'pies','Food'),(437,437,'pounds',1,'pasta','Food'),(438,438,'pounds',1,'stews','Food'),(439,439,'lbs',1,'desserts','Food'),(440,440,'lbs',1,'desserts','Food'),(441,441,'pounds',0,'soups','Food'),(442,442,'pounds',1,'stews','Food'),(443,443,'ounces',1,'soups','Food'),(444,444,'ounces',1,'salads','Food'),(445,445,'ounces',0,'sandwiches','Food'),(446,446,'ounces',1,'salads','Food'),(447,447,'pounds',1,'seafood','Food'),(448,448,'pounds',1,'pies','Food'),(449,449,'pounds',1,'pies','Food'),(450,450,'pounds',0,'soups','Food'),(451,451,'pounds',0,'pies','Food'),(452,452,'pounds',1,'seafood','Food'),(453,453,'oz',1,'pasta','Food'),(454,454,'oz',0,'soups','Food'),(455,455,'oz',1,'seafood','Food'),(456,456,'oz',0,'pasta','Food'),(457,457,'oz',1,'cereals','Food'),(458,458,'oz',0,'noodles','Food'),(459,459,'oz',0,'soups','Food'),(460,460,'oz',0,'soups','Food'),(461,461,'oz',1,'desserts','Food'),(462,462,'lb',1,'stews','Food'),(463,463,'lb',0,'seafood','Food'),(464,464,'lb',0,'noodles','Food'),(465,465,'lb',0,'desserts','Food'),(466,466,'lb',1,'noodles','Food'),(467,467,'lb',1,'salads','Food'),(468,468,'pounds',1,'salads','Food'),(469,469,'pounds',0,'desserts','Food'),(470,470,'pounds',1,'cereals','Food'),(471,471,'pounds',1,'pies','Food'),(472,472,'pounds',1,'noodles','Food'),(473,473,'pounds',1,'sandwiches','Food'),(474,474,'pounds',1,'sandwiches','Food'),(475,475,'pounds',1,'noodles','Food'),(476,476,'pounds',0,'pies','Food'),(477,477,'pounds',1,'sandwiches','Food'),(478,478,'pounds',0,'cereals','Food'),(479,479,'pounds',1,'sandwiches','Food'),(480,480,'pounds',0,'noodles','Food'),(481,481,'pounds',0,'desserts','Food'),(482,482,'pounds',1,'noodles','Food'),(483,483,'pounds',0,'soups','Food'),(484,484,'pounds',0,'salads','Food'),(485,485,'pounds',1,'soups','Food'),(486,486,'pounds',1,'sandwiches','Food'),(487,487,'pounds',1,'salads','Food'),(488,488,'ounces',0,'cereals','Food'),(489,489,'ounces',1,'stews','Food'),(490,490,'ounces',1,'pasta','Food'),(491,491,'ounces',1,'sandwiches','Food'),(492,492,'ounces',1,'pies','Food'),(493,493,'ounces',0,'cereals','Food'),(494,494,'ounces',0,'noodles','Food'),(495,495,'ounces',1,'pies','Food'),(496,496,'pounds',1,'stews','Food'),(497,497,'ounces',1,'sandwiches','Food'),(498,498,'ounces',1,'soups','Food'),(499,499,'ounces',0,'pies','Food'),(500,500,'ounces',0,'Women\'s adidas Originals NMD_Racer Primeknit Shoes','Sportswear/Fashion'),(501,501,'ounces',0,'Women\'s adidas Originals Sleek Shoes','Sportswear/Fashion'),(502,502,'ounces',1,'Women\'s adidas Swim Puka Slippers ','Sportswear/Fashion'),(503,503,'ounces',1,'Women\'s adidas Sport Inspired Questar Ride Shoes','Sportswear/Fashion'),(504,504,'ounces',0,'Women\'s adidas Originals Taekwondo Shoes','Sportswear/Fashion'),(505,505,'ounces',0,'Women\'s adidas Sport Inspired Duramo Lite 2.0 Shoes','Sportswear/Fashion'),(506,506,'ounces',1,'Women\'s adidas Sport Inspired Duramo Lite 2.0 Shoes','Sportswear/Fashion'),(507,507,'pounds',1,'Women\'s adidas Swim Puka Slippers ','Sportswear/Fashion'),(508,508,'pounds',1,'WOMEN\'S ADIDAS RUNNING DURAMO 9 SHOES','Sportswear/Fashion'),(509,509,'pounds',1,'Men\'s adidas Originals Forest Grove Shoes','Sportswear/Fashion'),(510,510,'pounds',0,'Women\'s adidas Originals Swift Run Shoes','Sportswear/Fashion'),(511,511,'lb',1,'Women\'s adidas Originals Continental Vulc Shoes','Sportswear/Fashion'),(512,512,'lb',0,'Women\'s adidas Running Duramo 9 Shoes','Sportswear/Fashion'),(513,513,'lb',1,'Women\'s adidas Originals Supercourt Shoes','Sportswear/Fashion'),(514,514,'lb',1,'Men\'s adidas Sport Inspired Response Trail Shoes','Sportswear/Fashion'),(515,515,'lb',0,'Women\'s adidas Running Cosmic 2 Shoes','Sportswear/Fashion'),(516,516,'lb',0,'Women\'s adidas Sport Inspired Storm Runner Shoes','Sportswear/Fashion'),(517,517,'lb',1,'Women\'s adidas Sport Inspired Quickspike Shoes','Sportswear/Fashion'),(518,518,'lb',1,'WOMEN\'S ADIDAS SWIM CLOUDFOAM FLIP FLOPS','Sportswear/Fashion'),(519,519,'lb',0,'Women\'s adidas Sport Inspired Lite Racer Shoes','Sportswear/Fashion'),(520,520,'lb',1,'Women\'s adidas Running Duramo 9 Shoes','Sportswear/Fashion'),(521,521,'lb',0,'Women\'s adidas Sport Inspired Arcadeis Shoes','Sportswear/Fashion'),(522,522,'pounds',0,'Women\'s adidas Sport Inspired Videll Shoes','Sportswear/Fashion'),(523,523,'pounds',0,'Women\'s adidas Running EnergyFalcon X Shoes','Sportswear/Fashion'),(524,524,'pounds',1,'Women\'s adidas Sport Inspired Videll Shoes','Sportswear/Fashion'),(525,525,'pounds',0,'Women\'s adidas Running Hellion Z Shoes','Sportswear/Fashion'),(526,526,'pounds',0,'Women\'s adidas Sport Inspired Videll Shoes','Sportswear/Fashion'),(527,527,'pounds',0,'Women\'s adidas Sport Inspired Arcadeis Shoes','Sportswear/Fashion'),(528,528,'pounds',0,'Women\'s adidas Sport Inspired Cloudfoam Pure Shoes','Sportswear/Fashion'),(529,529,'pounds',1,'Women\'s adidas Running Hellion Z Shoes','Sportswear/Fashion'),(530,530,'pounds',1,'Women\'s adidas Sport Inspired Yking 2.0 Shoes','Sportswear/Fashion'),(531,531,'pounds',0,'Women\'s adidas Running Hellion Z Shoes','Sportswear/Fashion'),(532,532,'pounds',0,'Women\'s adidas Sport Inspired Yking 2.0 Shoes','Sportswear/Fashion'),(533,533,'pounds',0,'Women\'s adidas Sport Inspired RunFalcon Shoes','Sportswear/Fashion'),(534,534,'pounds',1,'Women\'s adidas Sport Inspired Quickspike Shoes','Sportswear/Fashion'),(535,535,'pounds',0,'Women\'s adidas Sport Inspired Blaze Runner Shoes','Sportswear/Fashion'),(536,536,'pounds',1,'Women\'s adidas Sport Inspired Lite Racer CLN Shoes','Sportswear/Fashion'),(537,537,'pounds',0,'Women\'s adidas Sport Inspired Blaze Runner Shoes','Sportswear/Fashion'),(538,538,'pounds',1,'Women\'s adidas Nova Run X Shoes','Sportswear/Fashion'),(539,539,'pounds',0,'Women\'s adidas Sport Inspired Questar Flow Shoes','Sportswear/Fashion'),(540,540,'pounds',1,'Women\'s adidas Sport Inspired Questar Flow Shoes','Sportswear/Fashion'),(541,541,'pounds',0,'Women\'s adidas Running EnergyFalcon X Shoes','Sportswear/Fashion'),(542,542,'pounds',1,'Women\'s adidas Running Asweego Shoes','Sportswear/Fashion'),(543,543,'pounds',0,'Women\'s adidas Running Sooraj Shoes','Sportswear/Fashion'),(544,544,'pounds',0,'Women\'s adidas Sport Inspired Questar Ride Shoes','Sportswear/Fashion'),(545,545,'lb',1,'Men\'s adidas Sport Inspired Run 70s Shoes','Sportswear/Fashion'),(546,546,'lb',1,'Women\'s adidas Running Asweerun Shoes','Sportswear/Fashion'),(547,547,'lb',0,'Women\'s adidas Sport Inspired Archivo Shoes','Sportswear/Fashion'),(548,548,'lb',1,'Women\'s Sport Inspired Yking 2.0 Shoes','Sportswear/Fashion'),(549,549,'lb',0,'Women\'s adidas Sport Inspired Archivo Shoes','Sportswear/Fashion'),(550,550,'pounds',0,'Women\'s adidas Running Response Trail X Shoes','Sportswear/Fashion'),(551,551,'pounds',0,'Women\'s adidas Running EnergyFalcon X Shoes','Sportswear/Fashion'),(552,552,'pounds',1,'Women\'s adidas Originals Marathon Tech Shoes','Sportswear/Fashion'),(553,553,'pounds',0,'Women\'s adidas Originals U_Path Run Shoes','Sportswear/Fashion'),(554,554,'pounds',0,'Men\'s adidas Sport Inspired Drogo Shoes ','Sportswear/Fashion'),(555,555,'lb',0,'Women\'s adidas Originals Stan Smith Shoes','Sportswear/Fashion'),(556,556,'lb',1,'Women\'s adidas Running Sooraj Shoes','Sportswear/Fashion'),(557,557,'lb',1,'Women\'s adidas Originals U_Path Run Shoes','Sportswear/Fashion'),(558,558,'lb',1,'Men\'s adidas Sport Inspired Run 70s Shoes','Sportswear/Fashion'),(559,559,'lb',0,'Men\'s adidas Running Nayo 1.0 shoes','Sportswear/Fashion'),(560,560,'ounces',0,'Men\'s adidas Sports Inspired Lite Racer Shoes','Sportswear/Fashion'),(561,561,'ounces',1,'Men\'s adidas Running Nepton 2.0 Shoes','Sportswear/Fashion'),(562,562,'ounces',0,'Women\'s adidas Running Aseerun Shoes','Sportswear/Fashion'),(563,563,'ounces',0,'Men\'s adidas Running Torik Shoes','Sportswear/Fashion'),(564,564,'ounces',0,'Men\'s adidas Sport Inspired Kalus 1.0 Shoes','Sportswear/Fashion'),(565,565,'ounces',1,'Men\'s adidas Running Duramo 9 Shoes','Sportswear/Fashion'),(566,566,'ounces',1,'Women\'s adidas Originals Continental 80 Shoes','Sportswear/Fashion'),(567,567,'ounces',0,'MEN\'S adidas  RUNNING YAMO 1.0 SHOES','Sportswear/Fashion'),(568,568,'ounces',1,'men\'s ADIDAS RUNNING NEBULAR 1.0 SHOES','Sportswear/Fashion'),(569,569,'ounces',1,'MEN\'S ADIDAS RUNNING LEGUS SHOES','Sportswear/Fashion'),(570,570,'ounces',0,'Men\'s adidas Originals Supercourt Shoes','Sportswear/Fashion'),(571,571,'ounces',1,'Men\'s adidas Toe Side II Slippers','Sportswear/Fashion'),(572,572,'ounces',0,'Men\'s adidas Outdoor Elevate Sandals','Sportswear/Fashion'),(573,573,'ounces',1,'men\'s ADIDAS RUNNING NEBULAR 1.0 SHOES','Sportswear/Fashion'),(574,574,'ounces',1,'Men\'s adidas Originals Superstar Shoes','Sportswear/Fashion'),(575,575,'ounces',0,'Men\'s adidas Originals Stan Smith Shoes','Sportswear/Fashion'),(576,576,'ounces',0,'Men\'s adidas Sport Inspired Duramo Lite 2.0 Shoes','Sportswear/Fashion'),(577,577,'ounces',0,'Men\'s adidas Swim Ozor III Slippers','Sportswear/Fashion'),(578,578,'ounces',1,'Men\'s adidas Swim Gadi Slippers','Sportswear/Fashion'),(579,579,'ounces',1,'MEN\'S ADIDAS RUNNING LEGUS SHOES','Sportswear/Fashion'),(580,580,'ounces',0,'Men\'s adidas Originals CAMPUS Low Shoes ','Sportswear/Fashion'),(581,581,'ounces',1,'MEN\'S ADIDAS RUNNING HELKIN 3.0 SHOES','Sportswear/Fashion'),(582,582,'pounds',0,'MEN\'S ADIDAS RUNNING LEGUS 1.0 SHOES','Sportswear/Fashion'),(583,583,'pounds',1,'Men\'s adidas Running Kollide Shoes','Sportswear/Fashion'),(584,584,'pounds',0,'Men\'s adidas Running Edge PR Shoes','Sportswear/Fashion'),(585,585,'pounds',1,'Men\'s adidas Originals FuturePacer Shoes','Sportswear/Fashion'),(586,586,'pounds',0,'MEN\'S ADIDAS ORIGINALS MICROPACER X R1 SHOES','Sportswear/Fashion'),(587,587,'pounds',0,'Men\'s adidas Outdoor Andorian Shoes','Sportswear/Fashion'),(588,588,'lb',0,'Men\'s adidas Sport Inspired Advantage Base Shoes','Sportswear/Fashion'),(589,589,'lb',0,'Men\'s adidas Running Galaxy 4 Shoes','Sportswear/Fashion'),(590,590,'lb',0,'MEN\'S ADIDAS ESSENTIALS EEZAY FLIP-FLOPS','Sportswear/Fashion'),(591,591,'lb',0,'men\'s ADIDAS ORIGINALS PW HU HOLI STAN SMITH SHOES','Sportswear/Fashion'),(592,592,'lb',0,'MEN\'S ADIDAS RUNNING ZETA 1.0 SHOES','Sportswear/Fashion'),(593,593,'lb',1,'Men\'s adidas Running PureBounce+ Clima Shoes','Sportswear/Fashion'),(594,594,'lb',0,'Men\'s adidas Running Duramo 9 Shoes','Sportswear/Fashion'),(595,595,'pounds',0,'MEN\'S ADIDAS RUNNING HELKIN 3.0 SHOES','Sportswear/Fashion'),(596,596,'pounds',1,'MEN\'S ADIDAS RUNNING ARIUS 1.0 SHOES','Sportswear/Fashion'),(597,597,'pounds',1,'Men\'s adidas Originals Skateboarding Seeley Shoes','Sportswear/Fashion'),(598,598,'pounds',0,'MEN\'S ADIDAS RUNNING HELKIN 3.0 SHOES','Sportswear/Fashion'),(599,599,'pounds',1,'Men\'s adidas Running Grito Shoes','Sportswear/Fashion'),(600,600,'pounds',0,'Men\'s adidas Running Nepton 2.0 Shoes','Sportswear/Fashion'),(601,601,'pounds',0,'Men\'s adidas Running Bound Shoes','Sportswear/Fashion'),(602,602,'pounds',1,'Men\'s adidas Outdoor Terra Light Sandals','Sportswear/Fashion'),(603,603,'pounds',1,'Men\'s adidas Swim Gladi 19 Slippers','Sportswear/Fashion'),(604,604,'pounds',1,'Men\'s adidas Running Torik Shoes','Sportswear/Fashion'),(605,605,'pounds',0,'Men\'s adidas Toe Side II Slippers','Sportswear/Fashion'),(606,606,'pounds',1,'Men\'s adidas Sport Inspired Nebular 2 Shoes','Sportswear/Fashion'),(607,607,'pounds',1,'Men\'s adidas Running Kollide Shoes','Sportswear/Fashion'),(608,608,'pounds',0,'Men\'s adidas Sport Inspired Netpoint Shoes','Sportswear/Fashion'),(609,609,'pounds',1,'Men\'s adidas Running Whizz Shoes ','Sportswear/Fashion'),(610,610,'pounds',0,'Women\'s adidas Originals Continental 80 Shoes','Sportswear/Fashion'),(611,611,'pounds',1,'Men\'s adidas Tennis Courtsmash Shoes','Sportswear/Fashion'),(612,612,'pounds',0,'Men\'s adidas Outdoor Terra Light Sandals','Sportswear/Fashion'),(613,613,'ounces',0,'Men\'s adidas Running Sedna Shoes','Sportswear/Fashion'),(614,614,'ounces',0,'Men\'s adidas Running Nepton 2.0 Shoes','Sportswear/Fashion'),(615,615,'ounces',1,'Men\'s adidas Running PureBounce+ Street Shoes ','Sportswear/Fashion'),(616,616,'ounces',1,'Women\'s adidas Originals Deerupt Runner Shoes','Sportswear/Fashion'),(617,617,'ounces',1,'Women\'s adidas Originals Sleek Super Shoes','Sportswear/Fashion'),(618,618,'ounces',1,'Women\'s adidas Originals Sleek Super Shoes','Sportswear/Fashion'),(619,619,'ounces',1,'Women\'s adidas Originals Taekwondo Team Shoes','Sportswear/Fashion'),(620,620,'ounces',1,'Men\'s adidas Swim Gladi 19 Slippers','Sportswear/Fashion'),(621,621,'oz',0,'Women\'s adidas Originals Supercourt Shoes','Sportswear/Fashion'),(622,622,'oz',1,'Women\'s adidas Originals Deerupt Runner Shoes ','Sportswear/Fashion'),(623,623,'oz',1,'MEN\'S ADIDAS ORIGINALS BOSTON SUPER X R1 SHOES','Sportswear/Fashion'),(624,624,'oz',0,'Men\'s adidas Running Torik Shoes','Sportswear/Fashion'),(625,625,'oz',0,'Women\'s adidas Originals Sleek Shoes','Sportswear/Fashion'),(626,626,'oz',0,'Women\'s adidas Originals Marathon Tech Shoes','Sportswear/Fashion'),(627,627,'oz',1,'Women\'s adidas Sport Inspired Court 80s Shoes','Sportswear/Fashion'),(628,628,'oz',0,'Women\'s adidas Originals Sambarose Shoes','Sportswear/Fashion'),(629,629,'pounds',0,'Women\'s adidas Sport Inspired Archivo Shoes','Sportswear/Fashion'),(630,630,'pounds',0,'Women\'s adidas Originals U_Path X Shoes','Sportswear/Fashion'),(631,631,'pounds',0,'Men\'s adidas Running Torik Shoes','Sportswear/Fashion'),(632,632,'pounds',0,'Men\'s adidas Running Grito Shoes','Sportswear/Fashion'),(633,633,'pounds',0,'Women\'s adidas Sport Inspired Glenn W Shoes','Sportswear/Fashion'),(634,634,'pounds',1,'Women\'s adidas Originals Sleek Shoes','Sportswear/Fashion'),(635,635,'pounds',0,'Women\'s adidas Originals Continental Vulc Shoes','Sportswear/Fashion'),(636,636,'pounds',0,'Women\'s Originals Sleek Super Shoes','Sportswear/Fashion'),(637,637,'pounds',0,'Women\'s adidas Originals Sleek Shoes','Sportswear/Fashion'),(638,638,'pounds',1,'Women\'s adidas Originals Stan Smith Shoes','Sportswear/Fashion'),(639,639,'pounds',1,'Women\'s adidas Originals Continental 80 Shoes','Sportswear/Fashion'),(640,640,'pounds',0,'Women\'s adidas Originals Adilette Slides','Sportswear/Fashion'),(641,641,'pounds',0,'Women\'s adidas Sport Inspired Glenn W Shoes','Sportswear/Fashion'),(642,642,'pounds',1,'WOMEN\'S ADIDAS ORIGINALS NMD_R1 STLT PRIMEKNIT SHOES','Sportswear/Fashion'),(643,643,'pounds',1,'Women\'s adidas Originals Sleek Shoes','Sportswear/Fashion'),(644,644,'pounds',0,'Women\'s adidas Originals N-5923 Shoes','Sportswear/Fashion'),(645,645,'pounds',1,'WOMEN\'S ADIDAS ORIGINALS SWIFT RUN SHOES','Sportswear/Fashion'),(646,646,'pounds',0,'Women\'s adidas Originals Sleek Super Shoes','Sportswear/Fashion'),(647,647,'pounds',0,'Women\'s adidas Swim Jung Slippers','Sportswear/Fashion'),(648,648,'pounds',1,'Women\'s adidas Sport Inspired Questar Flow Shoes','Sportswear/Fashion'),(649,649,'pounds',0,'Women\'s adidas Originals Forest Grove Shoes','Sportswear/Fashion'),(650,650,'pounds',1,'Women\'s adidas Originals Marathon Tech Shoes','Sportswear/Fashion'),(651,651,'pounds',1,'Women\'s adidas Sport Inspired Glenn W Shoes','Sportswear/Fashion'),(652,652,'pounds',1,'Women\'s ADIDAS ORIGINALS NMD_CS2 PK SHOES','Sportswear/Fashion'),(653,653,'pounds',1,'Women\'s adidas Originals Sleek Shoes','Sportswear/Fashion'),(654,654,'pounds',1,'Women\'s adidas ORIGINALS SUPERSTAR BOUNCE PK  Low Shoes ','Sportswear/Fashion'),(655,655,'pounds',1,'Women\'s adidas Originals I-5923 Shoes','Sportswear/Fashion'),(656,656,'pounds',0,'Women\'s adidas Originals Sambarose Shoes','Sportswear/Fashion'),(657,657,'pounds',1,'WOMEN\'S ADIDAS SPORT INSPIRED ENERGY CLOUD V SHOES','Sportswear/Fashion'),(658,658,'pounds',0,'Women\'s adidas Originals Supercourt Shoes','Sportswear/Fashion'),(659,659,'pounds',0,'Women\'s adidas Originals Falcon Shoes','Sportswear/Fashion'),(660,660,'pounds',0,'Women\'s adidas Originals Sambarose Shoes','Sportswear/Fashion'),(661,661,'lbs',1,'Women\'s adidas Sport Inspired Drogo Shoes','Sportswear/Fashion'),(662,662,'lbs',1,'Women\'s adidas Running Hyperon 1.0 Shoes','Sportswear/Fashion'),(663,663,'pounds',1,'Women\'s adidas Originals Deerupt Runner Shoes','Sportswear/Fashion'),(664,664,'pounds',1,'WOMEN\'S ADIDAS ORIGINALS EQT SUPPORT SOCK PRIMEKNIT SHOES','Sportswear/Fashion'),(665,665,'ounces',1,'Women\'s adidas Originals Supercourt Shoes','Sportswear/Fashion'),(666,666,'ounces',0,'Women\'s adidas Originals POD-S3.1 Shoes','Sportswear/Fashion'),(667,667,'ounces',0,'Women\'s adidas Originals Stan Smith Shoes','Sportswear/Fashion'),(668,668,'ounces',1,'WOMEN\'S ADIDAS ORIGINALS NMD_R1 STLT PRIMEKNIT SHOES','Sportswear/Fashion'),(669,669,'pounds',1,'WOMEN\'S ADIDAS ORIGINALS SWIFT RUN SHOES','Sportswear/Fashion'),(670,670,'pounds',1,'Women\'s adidas Sport Inspired Drogo Shoes','Sportswear/Fashion'),(671,671,'pounds',1,'Women\'s adidas Originals Sambarose Zip Shoes','Sportswear/Fashion'),(672,672,'pounds',1,'Men\'s adidas Running Rey Shoes','Sportswear/Fashion'),(673,673,'pounds',0,'Women\'s adidas Originals Continental 80 Shoes','Sportswear/Fashion'),(674,674,'pounds',0,'WOMEN\'S ADIDAS ORIGINALS SAMBA OG SHOES','Sportswear/Fashion'),(675,675,'oz',0,'Men\'s adidas Sport Inspired Blaze Runner Shoes','Sportswear/Fashion'),(676,676,'oz',0,'Men\'s adidas  Sport Inspired Binafo Shoes','Sportswear/Fashion'),(677,677,'oz',0,'Men\'s adidas Running Rey Shoes','Sportswear/Fashion'),(678,678,'oz',1,'Men\'s adidas Running Zeta 1.0 Shoes','Sportswear/Fashion'),(679,679,'oz',1,'Men\'s adidas Running Puaro Shoes','Sportswear/Fashion'),(680,680,'oz',1,'Men\'s adidas Swim Stabile Slippers','Sportswear/Fashion'),(681,681,'oz',1,'Women\'s adidas Originals Stan Smith Shoes','Sportswear/Fashion'),(682,682,'oz',0,'Men\'s adidas Running Puaro Shoes','Sportswear/Fashion'),(683,683,'oz',1,'Women\'s adidas Running Hyperon 1.0 Shoes','Sportswear/Fashion'),(684,684,'lb',1,'Men\'s adidas Originals Yung-1 Shoes','Sportswear/Fashion'),(685,685,'lb',0,'Men\'s adidas Running Rey Shoes','Sportswear/Fashion'),(686,686,'lb',0,'Men\'s adidas  Sport Inspired Binafo Shoes','Sportswear/Fashion'),(687,687,'lb',1,'Women\'s adidas Running Hyperon 1.0 Shoes','Sportswear/Fashion'),(688,688,'lb',0,'Women\'s adidas Sport Inspired Drogo Shoes','Sportswear/Fashion'),(689,689,'lb',1,'Men\'s adidas  Sport Inspired Binafo Shoes','Sportswear/Fashion'),(690,690,'pounds',1,'Men\'s adidas Outdoor Hoist 2019 Sandals','Sportswear/Fashion'),(691,691,'pounds',0,'Women\'s Originals Continental 80 Shoes','Sportswear/Fashion'),(692,692,'pounds',0,'Men\'s adidas Running Furato Shoes','Sportswear/Fashion'),(693,693,'pounds',1,'Men\'s adidas Running Stargon 1.0 Shoes','Sportswear/Fashion'),(694,694,'pounds',0,'Men\'s adidas Originals Skateboarding Seeley Shoes','Sportswear/Fashion'),(695,695,'pounds',0,'Women\'s adidas Sport Inspired Lite Racer 2.0 Shoes','Sportswear/Fashion'),(696,696,'pounds',0,'Men\'s adidas Running Raddis 1.0 shoes','Sportswear/Fashion'),(697,697,'pounds',0,'Men\'s adidas Running Solar Drive Shoes','Sportswear/Fashion'),(698,698,'pounds',0,'Men\'s adidas Running Weave Shoes ','Sportswear/Fashion'),(699,699,'pounds',0,'Men\'s adidas Running Nepton 2.0 Shoes','Sportswear/Fashion'),(700,700,'pounds',0,'Men\'s adidas Sport Inspired Lyrid Slip-ons','Sportswear/Fashion'),(701,701,'pounds',0,'Men\'s adidas Original X_PLR Shoes','Sportswear/Fashion'),(702,702,'pounds',1,'Men\'s adidas Running Kyris 4.0 Shoes','Sportswear/Fashion'),(703,703,'pounds',1,'Men\'s adidas Sport Inspired Quickspike Shoes','Sportswear/Fashion'),(704,704,'pounds',1,'Men\'s adidas Running Flank Shoes ','Sportswear/Fashion'),(705,705,'pounds',0,'Men\'s adidas Originals ZX 4000 Shoes','Sportswear/Fashion'),(706,706,'pounds',1,'Men\'s adidas Running Supervega Shoes','Sportswear/Fashion'),(707,707,'pounds',1,'Men\'s adidas Sport Inspired Factor Shoes','Sportswear/Fashion'),(708,708,'pounds',1,'Men\'s adidas Outdoor Elevate 2018 Sandals','Sportswear/Fashion'),(709,709,'pounds',0,'Men\'s adidas Americana Low Shoes','Sportswear/Fashion'),(710,710,'ounces',0,'Men\'s adidas Running Kalus 1.0 Shoes','Sportswear/Fashion'),(711,711,'ounces',1,'Men\'s adidas Originals Yung-96 Shoes','Sportswear/Fashion'),(712,712,'ounces',0,'Men\'s adidas Originals A.R. Trainers','Sportswear/Fashion'),(713,713,'ounces',1,'Men\'s adidas Originals FYW S-97 Shoes','Sportswear/Fashion'),(714,714,'ounces',1,'Men\'s adidas Originals Yung-96 Shoes','Sportswear/Fashion'),(715,715,'ounces',1,'Men\'s adidas Swim Bise Slippers','Sportswear/Fashion'),(716,716,'ounces',1,'Men\'s adidas Sport Inspired Grand Court Shoes','Sportswear/Fashion'),(717,717,'ounces',0,'Men\'s adidas Swim Salon Slippers','Sportswear/Fashion'),(718,718,'pounds',1,'Men\'s adidas Running Kollide Shoes','Sportswear/Fashion'),(719,719,'ounces',0,'MEN\'S ADIDAS OUTDOOR SIKI SHOES','Sportswear/Fashion'),(720,720,'ounces',0,'Men\'s adidas Running Weave Shoes ','Sportswear/Fashion'),(721,721,'ounces',1,'Men\'s adidas Running Stargon 1.0 Shoes','Sportswear/Fashion'),(722,722,'ounces',0,'WOMEN\'S ADIDAS SPORT INSPIRED RUN 70S SHOES','Sportswear/Fashion'),(723,723,'ounces',0,'Men\'s adidas Sport Inspired Factor Shoes','Sportswear/Fashion'),(724,724,'ounces',0,'Men\'s adidas Outdoor Andorian Shoes','Sportswear/Fashion'),(725,725,'ounces',0,'Men\'s adidas Running Raddis 1.0 shoes','Sportswear/Fashion'),(726,726,'ounces',1,'Women\'s adidas Sport Inspired Cloudfoam Pure Shoes','Sportswear/Fashion'),(727,727,'ounces',0,'Men\'s Outdoor Ediffin II Sandals','Sportswear/Fashion'),(728,728,'ounces',1,'MEN\'S ADIDAS SWIM ADILETTE CLOUDFOAM PLUS LOGO SLIDES','Sportswear/Fashion'),(729,729,'pounds',0,'Men\'s adidas Running Weave Shoes ','Sportswear/Fashion'),(730,730,'pounds',1,'Men\'s adidas Running Stargon 1.0 Shoes','Sportswear/Fashion'),(731,731,'pounds',0,'Men\'s adidas Sport Inspired Runigma Shoes','Sportswear/Fashion'),(732,732,'pounds',0,'Women\'s adidas Sport Inspired QT Racer Shoes','Sportswear/Fashion'),(733,733,'lb',0,'Men\'s adidas Running Furato Shoes','Sportswear/Fashion'),(734,734,'lb',1,'Men\'s adidas Swim Ozor III Slippers','Sportswear/Fashion'),(735,735,'lb',1,'Men\'s adidas Sport Inspired Advantage Base Shoes','Sportswear/Fashion'),(736,736,'lb',0,'Men\'s adidas Outdoor Naha Shoes','Sportswear/Fashion'),(737,737,'lb',0,'Men\'s adidas Sport Inspired Grand Court Shoes','Sportswear/Fashion'),(738,738,'lb',0,'Men\'s adidas Running SenseBounce+ Street Shoes','Sportswear/Fashion'),(739,739,'lb',1,'Unisex adidas Originals Adi-Ease Shoes','Sportswear/Fashion'),(740,740,'lb',1,'Women\'s adidas RunFalcon Shoes','Sportswear/Fashion'),(741,741,'lb',0,'Women\'s adidas Sport Inspired Lite Racer RBN Shoes','Sportswear/Fashion'),(742,742,'lb',0,'Men\'s adidas Running Bound Shoes','Sportswear/Fashion'),(743,743,'lb',0,'Women\'s adidas Originals Sleek Zip Shoes','Sportswear/Fashion'),(744,744,'pounds',0,'Women\'s adidas Originals Deerupt Runner Shoes','Sportswear/Fashion'),(745,745,'pounds',1,'Women\'s adidas Running Cyberg 1.0 Shoes','Sportswear/Fashion'),(746,746,'pounds',0,'Women\'s ADIDAS ORIGINALS FLB_RUNNER SHOES','Sportswear/Fashion'),(747,747,'pounds',0,'Women\'s adidas Originals Taekwondo Team Shoes','Sportswear/Fashion'),(748,748,'pounds',1,'WOMEN\'S ADIDAS ORIGINALS SAMBAROSE SHOES','Sportswear/Fashion'),(749,749,'pounds',0,'Women\'s adidas Originals Sleek Shoes','Sportswear/Fashion'),(750,750,'pounds',0,'Women\'s adidas Originals Gazelle Shoes','Sportswear/Fashion'),(751,751,'pounds',1,'Men\'s adidas Running Solar Blaze Shoes','Sportswear/Fashion'),(752,752,'pounds',1,'Women\'s adidas Sport Inspired Quickspike Shoes','Sportswear/Fashion'),(753,753,'pounds',0,'Women\'s adidas Running Cyberg 1.0 Shoes','Sportswear/Fashion'),(754,754,'pounds',0,'Women\'s adidas Originals I-5923 Shoes','Sportswear/Fashion'),(755,755,'pounds',0,'Women\'s adidas Originals POD-S3.1 Shoes','Sportswear/Fashion'),(756,756,'pounds',1,'Women\'s adidas Originals Sambarose Shoes','Sportswear/Fashion'),(757,757,'pounds',1,'Women\'s adidas Originals Sleek Shoes','Sportswear/Fashion'),(758,758,'pounds',1,'Women\'s adidas Originals Supercourt Shoes','Sportswear/Fashion'),(759,759,'pounds',0,'Women\'s adidas Sport Inspired Questar X BYD Shoes','Sportswear/Fashion'),(760,760,'pounds',1,'Women\'s adidas Sport Inspired Lite Racer Shoes','Sportswear/Fashion'),(761,761,'pounds',0,'WOMEN\'S ADIDAS ORIGINALS I-5923 SHOES','Sportswear/Fashion'),(762,762,'pounds',0,'Women\'s adidas Originals Rivalry Low Shoes','Sportswear/Fashion'),(763,763,'pounds',0,'Men\'s Running Nova Flow Shoes ','Sportswear/Fashion'),(764,764,'pounds',0,'Women\'s adidas Originals Deerupt Runner Shoes','Sportswear/Fashion'),(765,765,'pounds',1,'Women\'s adidas Originals Sambarose Shoes','Sportswear/Fashion'),(766,766,'pounds',0,'Unisex adidas Originals By Alexander Wang Wangbody Run Shoes','Sportswear/Fashion'),(767,767,'lb',1,'Men\'s adidas Toe Side II Slippers','Sportswear/Fashion'),(768,768,'lb',0,'WOMEN\'S ADIDAS ORIGINALS ARKYN PRIMEKNIT SHOES','Sportswear/Fashion'),(769,769,'lb',0,'Women\'s adidas Swim Ozor III Slippers','Sportswear/Fashion'),(770,770,'lb',0,'Women\'s adidas Swimming Eezay 2019 Slippers','Sportswear/Fashion'),(771,771,'lb',1,'Men\'s adidas Running Kollide Shoes','Sportswear/Fashion'),(772,772,'pounds',1,'Women\'s adidas Sport Inspired Lite Racer Slip-Ons','Sportswear/Fashion'),(773,773,'pounds',1,'Women\'s adidas Sport Inspired Chaos Shoes','Sportswear/Fashion'),(774,774,'pounds',0,'Men\'s Running Nova Flow Shoes ','Sportswear/Fashion'),(775,775,'pounds',1,'Women\'s adidas Swim Eezay Slippers','Sportswear/Fashion'),(776,776,'pounds',0,'Women\'s adidas Originals POD-S3.1 Shoes','Sportswear/Fashion'),(777,777,'lb',1,'Women\'s adidas Originals Superstar Shoes','Sportswear/Fashion'),(778,778,'lb',1,'Women\'s adidas Originals I-5923 Shoes','Sportswear/Fashion'),(779,779,'lb',0,'Women\'s adidas ORIGINALS EQT RACING  Low Shoes ','Sportswear/Fashion'),(780,780,'lb',1,'Unisex adidas Originals Skateboarding 3MC Shoes','Sportswear/Fashion'),(781,781,'lb',0,'Women\'s adidas Originals Supercourt Shoes','Sportswear/Fashion'),(782,782,'ounces',1,'Women\'s adidas Sport Inspired Kaptir X Shoes','Sportswear/Fashion'),(783,783,'ounces',1,'Women\'s adidas Originals Continental 80 Shoes','Sportswear/Fashion'),(784,784,'ounces',1,'Women\'s adidas Originals Sambarose Shoes','Sportswear/Fashion'),(785,785,'ounces',0,'Women\'s adidas Originals I-5923 Shoes','Sportswear/Fashion'),(786,786,'ounces',1,'WOMEN\'S ADIDAS ORIGINALS EQT ADV RACING SHOES','Sportswear/Fashion'),(787,787,'ounces',1,'Women\'s adidas Sport Inspired Yatra Shoes','Sportswear/Fashion'),(788,788,'ounces',1,'Unisex adidas Originals Adi-Ease Shoes','Sportswear/Fashion'),(789,789,'ounces',0,'Men\'s Running Nova Flow Shoes ','Sportswear/Fashion'),(790,790,'ounces',0,'Women\'s adidas Originals Tubular Shadow Shoes','Sportswear/Fashion'),(791,791,'ounces',0,'Women\'s adidas Originals I-5923 Shoes','Sportswear/Fashion'),(792,792,'ounces',0,'Unisex adidas Originals By Alexander Wang Wangbody Run Shoes','Sportswear/Fashion'),(793,793,'ounces',1,'Women\'s adidas Running Asweego Shoes','Sportswear/Fashion'),(794,794,'ounces',1,'Women\'s adidas Sport Inspired RunFalcon Shoes','Sportswear/Fashion'),(795,795,'ounces',1,'Women\'s adidas Originals Forest Grove Shoes','Sportswear/Fashion'),(796,796,'ounces',0,'MEN\'S ADIDAS RUNNING ARGECY SHOES','Sportswear/Fashion'),(797,797,'ounces',1,'WOMEN\'S ADIDAS ORIGINALS GAZELLE SHOES','Sportswear/Fashion'),(798,798,'ounces',1,'Men\'s adidas Running Erdiga 3.0 Shoes','Sportswear/Fashion'),(799,799,'ounces',0,'Men\'s adidas Running Duramo 9 Shoes','Sportswear/Fashion'),(800,800,'ounces',0,'Men\'s adidas Sport Inspired Nebular 2 Shoes','Sportswear/Fashion'),(801,801,'ounces',1,'Men\'s adidas Sport Inspired Binafo Shoes','Sportswear/Fashion'),(802,802,'ounces',1,'Men\'s adidas Sport Inspired Blaze Runner Shoes','Sportswear/Fashion'),(803,803,'ounces',0,'Sanus VLF410B1 10-Inch Super Slim Full-Motion Mount for 37 - 84 Inches TV\'s','Electronics'),(804,804,'pounds',0,'Boytone - 2500W 2.1-Ch. Home Theater System - Black Diamond','Electronics'),(805,805,'pounds',1,'Boytone - 2500W 2.1-Ch. Home Theater System - Black Diamond','Electronics'),(806,806,'pounds',1,'Boytone - 2500W 2.1-Ch. Home Theater System - Black Diamond','Electronics'),(807,807,'pounds',0,'Boytone - 2500W 2.1-Ch. Home Theater System - Black Diamond','Electronics'),(808,808,'pounds',0,'Boytone - 2500W 2.1-Ch. Home Theater System - Black Diamond','Electronics'),(809,809,'pounds',1,'Boytone - 2500W 2.1-Ch. Home Theater System - Black Diamond','Electronics'),(810,810,'lb',0,'Boytone - 2500W 2.1-Ch. Home Theater System - Black Diamond','Electronics'),(811,811,'lb',0,'Boytone - 2500W 2.1-Ch. Home Theater System - Black Diamond','Electronics'),(812,812,'lb',1,'Boytone - 2500W 2.1-Ch. Home Theater System - Black Diamond','Electronics'),(813,813,'lb',0,'Boytone - 2500W 2.1-Ch. Home Theater System - Black Diamond','Electronics'),(814,814,'lb',1,'Boytone - 2500W 2.1-Ch. Home Theater System - Black Diamond','Electronics'),(815,815,'lb',0,'Boytone - 2500W 2.1-Ch. Home Theater System - Black Diamond','Electronics'),(816,816,'lb',1,'DENAQ - AC Adapter for TOSHIBA SATELLITE 1700 1710 1715 1730 1735 1750 1755 1955 3000 3005 A100 M30X M35X - Black','Electronics'),(817,817,'pounds',0,'DENAQ - AC Adapter for TOSHIBA SATELLITE 1700 1710 1715 1730 1735 1750 1755 1955 3000 3005 A100 M30X M35X - Black','Electronics'),(818,818,'pounds',1,'DENAQ - AC Adapter for TOSHIBA SATELLITE 1700 1710 1715 1730 1735 1750 1755 1955 3000 3005 A100 M30X M35X - Black','Electronics'),(819,819,'pounds',1,'DENAQ - AC Adapter for TOSHIBA SATELLITE 1700 1710 1715 1730 1735 1750 1755 1955 3000 3005 A100 M30X M35X - Black','Electronics'),(820,820,'pounds',1,'DENAQ - AC Adapter for TOSHIBA SATELLITE 1700 1710 1715 1730 1735 1750 1755 1955 3000 3005 A100 M30X M35X - Black','Electronics'),(821,821,'pounds',0,'DreamWave - Tremor Portable Bluetooth Speaker - Green,Black','Electronics'),(822,822,'pounds',0,'DreamWave - Tremor Portable Bluetooth Speaker - Green,Black','Electronics'),(823,823,'pounds',1,'DreamWave - Tremor Portable Bluetooth Speaker - Green,Black','Electronics'),(824,824,'pounds',0,'DreamWave - Tremor Portable Bluetooth Speaker - Green,Black','Electronics'),(825,825,'pounds',0,'DreamWave - Tremor Portable Bluetooth Speaker - Green,Black','Electronics'),(826,826,'pounds',0,'NS-SP1800BL 5.1-Channel Home Theater System (Black)','Electronics'),(827,827,'pounds',1,'NS-SP1800BL 5.1-Channel Home Theater System (Black)','Electronics'),(828,828,'pounds',0,'NS-SP1800BL 5.1-Channel Home Theater System (Black)','Electronics'),(829,829,'pounds',1,'NS-SP1800BL 5.1-Channel Home Theater System (Black)','Electronics'),(830,830,'pounds',1,'NS-SP1800BL 5.1-Channel Home Theater System (Black)','Electronics'),(831,831,'pounds',1,'Universal Remote Control - 48-Device Universal Remote - Black','Electronics'),(832,832,'pounds',1,'Universal Remote Control - 48-Device Universal Remote - Black','Electronics'),(833,833,'pounds',1,'Universal Remote Control - 48-Device Universal Remote - Black','Electronics'),(834,834,'pounds',0,'Universal Remote Control - 48-Device Universal Remote - Black','Electronics'),(835,835,'ounces',0,'Universal Remote Control - 48-Device Universal Remote - Black','Electronics'),(836,836,'ounces',1,'Acoustimass 6 Series V Home Theater Speaker System (Black)','Electronics'),(837,837,'ounces',0,'Acoustimass 6 Series V Home Theater Speaker System (Black)','Electronics'),(838,838,'ounces',0,'Acoustimass 6 Series V Home Theater Speaker System (Black)','Electronics'),(839,839,'ounces',1,'Acoustimass 6 Series V Home Theater Speaker System (Black)','Electronics'),(840,840,'ounces',0,'Acoustimass 6 Series V Home Theater Speaker System (Black)','Electronics'),(841,841,'ounces',1,'Samsung - 850 PRO 512GB Internal SATA III Solid State Drive for Laptops','Electronics'),(842,842,'ounces',0,'Samsung - 850 PRO 512GB Internal SATA III Solid State Drive for Laptops','Electronics'),(843,843,'oz',0,'Corsair Vengeance LPX 16GB (2x8GB) DDR4 DRAM 3000MHz C15 Desktop Memory Kit - Black (CMK16GX4M2B3000C15)','Electronics'),(844,844,'oz',1,'Corsair Vengeance LPX 16GB (2x8GB) DDR4 DRAM 3000MHz C15 Desktop Memory Kit - Black (CMK16GX4M2B3000C15)','Electronics'),(845,845,'oz',0,'Corsair Vengeance LPX 16GB (2x8GB) DDR4 DRAM 3000MHz C15 Desktop Memory Kit - Black (CMK16GX4M2B3000C15)','Electronics'),(846,846,'oz',0,'Corsair Vengeance LPX 16GB (2x8GB) DDR4 DRAM 3000MHz C15 Desktop Memory Kit - Black (CMK16GX4M2B3000C15)','Electronics'),(847,847,'oz',0,'Corsair Vengeance LPX 16GB (2x8GB) DDR4 DRAM 3000MHz C15 Desktop Memory Kit - Black (CMK16GX4M2B3000C15)','Electronics'),(848,848,'oz',1,'Corsair Vengeance LPX 16GB (2x8GB) DDR4 DRAM 3000MHz C15 Desktop Memory Kit - Black (CMK16GX4M2B3000C15)','Electronics'),(849,849,'oz',1,'Corsair Vengeance LPX 16GB (2x8GB) DDR4 DRAM 3000MHz C15 Desktop Memory Kit - Black (CMK16GX4M2B3000C15)','Electronics'),(850,850,'oz',0,'Corsair Vengeance LPX 16GB (2x8GB) DDR4 DRAM 3000MHz C15 Desktop Memory Kit - Black (CMK16GX4M2B3000C15)','Electronics'),(851,851,'pounds',1,'Corsair Vengeance LPX 16GB (2x8GB) DDR4 DRAM 3000MHz C15 Desktop Memory Kit - Black (CMK16GX4M2B3000C15)','Electronics'),(852,852,'pounds',1,'Outdoor Tech Buckshot Pro Bluetooth Speaker','Electronics'),(853,853,'pounds',1,'Outdoor Tech Buckshot Pro Bluetooth Speaker','Electronics'),(854,854,'pounds',1,'Outdoor Tech Buckshot Pro Bluetooth Speaker','Electronics'),(855,855,'pounds',1,'Outdoor Tech Buckshot Pro Bluetooth Speaker','Electronics'),(856,856,'pounds',1,'Outdoor Tech Buckshot Pro Bluetooth Speaker','Electronics'),(857,857,'pounds',0,'Outdoor Tech Buckshot Pro Bluetooth Speaker','Electronics'),(858,858,'pounds',0,'Outdoor Tech Buckshot Pro Bluetooth Speaker','Electronics'),(859,859,'pounds',1,'Outdoor Tech Buckshot Pro Bluetooth Speaker','Electronics'),(860,860,'pounds',1,'Outdoor Tech Buckshot Pro Bluetooth Speaker','Electronics'),(861,861,'pounds',0,'Motorola Wi-Fi Pet Video Camera','Electronics'),(862,862,'pounds',0,'Motorola Wi-Fi Pet Video Camera','Electronics'),(863,863,'pounds',0,'Details About Samsung Gear Iconx 2018 Edition Cordfree Fitness Earbuds Black (us Version)','Electronics'),(864,864,'pounds',0,'Details About Samsung Gear Iconx 2018 Edition Cordfree Fitness Earbuds Black (us Version)','Electronics'),(865,865,'pounds',1,'Details About Samsung Gear Iconx 2018 Edition Cordfree Fitness Earbuds Black (us Version)','Electronics'),(866,866,'pounds',1,'Details About Samsung Gear Iconx 2018 Edition Cordfree Fitness Earbuds Black (us Version)','Electronics'),(867,867,'pounds',1,'Details About Samsung Gear Iconx 2018 Edition Cordfree Fitness Earbuds Black (us Version)','Electronics'),(868,868,'pounds',1,'Details About Samsung Gear Iconx 2018 Edition Cordfree Fitness Earbuds Black (us Version)','Electronics'),(869,869,'pounds',1,'2TB Red 5400 rpm SATA III 3.5 Internal NAS HDD','Electronics'),(870,870,'pounds',1,'2TB Red 5400 rpm SATA III 3.5 Internal NAS HDD','Electronics'),(871,871,'pounds',0,'2TB Red 5400 rpm SATA III 3.5 Internal NAS HDD','Electronics'),(872,872,'pounds',0,'2TB Red 5400 rpm SATA III 3.5 Internal NAS HDD','Electronics'),(873,873,'pounds',1,'2TB Red 5400 rpm SATA III 3.5 Internal NAS HDD','Electronics'),(874,874,'pounds',1,'2TB Red 5400 rpm SATA III 3.5 Internal NAS HDD','Electronics'),(875,875,'pounds',1,'2TB Red 5400 rpm SATA III 3.5 Internal NAS HDD','Electronics'),(876,876,'pounds',0,'Details About Panamax Mr4000 8outlets Surge Protector Home Theater Power Line Management','Electronics'),(877,877,'pounds',1,'Details About Panamax Mr4000 8outlets Surge Protector Home Theater Power Line Management','Electronics'),(878,878,'pounds',1,'Details About Panamax Mr4000 8outlets Surge Protector Home Theater Power Line Management','Electronics'),(879,879,'pounds',0,'Details About Panamax Mr4000 8outlets Surge Protector Home Theater Power Line Management','Electronics'),(880,880,'pounds',1,'Details About Alpine 480w 6.5 2way Typee Coaxial Car Speakers W/ Silk Tweeters | Spe6000\"','Electronics'),(881,881,'pounds',0,'Details About Alpine 480w 6.5 2way Typee Coaxial Car Speakers W/ Silk Tweeters | Spe6000\"','Electronics'),(882,882,'pounds',1,'Details About Alpine 480w 6.5 2way Typee Coaxial Car Speakers W/ Silk Tweeters | Spe6000\"','Electronics'),(883,883,'lbs',0,'Details About Alpine 480w 6.5 2way Typee Coaxial Car Speakers W/ Silk Tweeters | Spe6000\"','Electronics'),(884,884,'lbs',1,'Details About Alpine 480w 6.5 2way Typee Coaxial Car Speakers W/ Silk Tweeters | Spe6000\"','Electronics'),(885,885,'pounds',0,'Details About Alpine 480w 6.5 2way Typee Coaxial Car Speakers W/ Silk Tweeters | Spe6000\"','Electronics'),(886,886,'pounds',0,'Details About Alpine 480w 6.5 2way Typee Coaxial Car Speakers W/ Silk Tweeters | Spe6000\"','Electronics'),(887,887,'ounces',1,'Details About Alpine 480w 6.5 2way Typee Coaxial Car Speakers W/ Silk Tweeters | Spe6000\"','Electronics'),(888,888,'ounces',0,'Details About Alpine 480w 6.5 2way Typee Coaxial Car Speakers W/ Silk Tweeters | Spe6000\"','Electronics'),(889,889,'ounces',0,'Details About Alpine 480w 6.5 2way Typee Coaxial Car Speakers W/ Silk Tweeters | Spe6000\"','Electronics'),(890,890,'ounces',1,'Details About Alpine 480w 6.5 2way Typee Coaxial Car Speakers W/ Silk Tweeters | Spe6000\"','Electronics'),(891,891,'pounds',0,'Details About Alpine 480w 6.5 2way Typee Coaxial Car Speakers W/ Silk Tweeters | Spe6000\"','Electronics'),(892,892,'pounds',0,'Details About Alpine 480w 6.5 2way Typee Coaxial Car Speakers W/ Silk Tweeters | Spe6000\"','Electronics'),(893,893,'pounds',0,'Details About Alpine 480w 6.5 2way Typee Coaxial Car Speakers W/ Silk Tweeters | Spe6000\"','Electronics'),(894,894,'pounds',0,'Transcend - JetDrive 420 480GB Internal Serial ATA III Solid State Drive for Select Apple® Computers','Electronics'),(895,895,'pounds',1,'Transcend - JetDrive 420 480GB Internal Serial ATA III Solid State Drive for Select Apple® Computers','Electronics'),(896,896,'pounds',0,'Transcend - JetDrive 420 480GB Internal Serial ATA III Solid State Drive for Select Apple® Computers','Electronics'),(897,897,'oz',1,'Transcend - JetDrive 420 480GB Internal Serial ATA III Solid State Drive for Select Apple® Computers','Electronics'),(898,898,'oz',0,'Transcend - JetDrive 420 480GB Internal Serial ATA III Solid State Drive for Select Apple® Computers','Electronics'),(899,899,'oz',1,'Samsung Universal 3100mAh Portable External Battery Charger - White','Electronics'),(900,900,'oz',0,'Samsung Universal 3100mAh Portable External Battery Charger - White','Electronics'),(901,901,'oz',0,'Samsung Universal 3100mAh Portable External Battery Charger - White','Electronics'),(902,902,'oz',1,'Air-Fi Runaway AF32 Stereo Bluetooth Wireless Headphones with Hidden Microphone (Black and Red)','Electronics'),(903,903,'oz',1,'Air-Fi Runaway AF32 Stereo Bluetooth Wireless Headphones with Hidden Microphone (Black and Red)','Electronics'),(904,904,'oz',1,'Air-Fi Runaway AF32 Stereo Bluetooth Wireless Headphones with Hidden Microphone (Black and Red)','Electronics'),(905,905,'oz',1,'Air-Fi Runaway AF32 Stereo Bluetooth Wireless Headphones with Hidden Microphone (Black and Red)','Electronics'),(906,906,'lb',0,'Air-Fi Runaway AF32 Stereo Bluetooth Wireless Headphones with Hidden Microphone (Black and Red)','Electronics'),(907,907,'lb',0,'Air-Fi Runaway AF32 Stereo Bluetooth Wireless Headphones with Hidden Microphone (Black and Red)','Electronics'),(908,908,'lb',0,'Air-Fi Runaway AF32 Stereo Bluetooth Wireless Headphones with Hidden Microphone (Black and Red)','Electronics'),(909,909,'lb',0,'Air-Fi Runaway AF32 Stereo Bluetooth Wireless Headphones with Hidden Microphone (Black and Red)','Electronics'),(910,910,'lb',0,'SpeakerCraft - 6-1/2 In-Ceiling Speakers (5-Pack) - White\"','Electronics'),(911,911,'lb',1,'SpeakerCraft - 6-1/2 In-Ceiling Speakers (5-Pack) - White\"','Electronics'),(912,912,'pounds',1,'Peerless - Round Ceiling Plate for Most Peerless-AV Projector Mounts - Black','Electronics'),(913,913,'pounds',0,'Peerless - Round Ceiling Plate for Most Peerless-AV Projector Mounts - Black','Electronics'),(914,914,'pounds',0,'Peerless - Round Ceiling Plate for Most Peerless-AV Projector Mounts - Black','Electronics'),(915,915,'pounds',1,'Peerless - Round Ceiling Plate for Most Peerless-AV Projector Mounts - Black','Electronics'),(916,916,'pounds',0,'Kenwood KFC-1653MRW 6.5 2-way Marine Speakers Pair (White)\"','Electronics'),(917,917,'pounds',0,'Kenwood KFC-1653MRW 6.5 2-way Marine Speakers Pair (White)\"','Electronics'),(918,918,'pounds',0,'Kenwood KFC-1653MRW 6.5 2-way Marine Speakers Pair (White)\"','Electronics'),(919,919,'pounds',0,'Kenwood KFC-1653MRW 6.5 2-way Marine Speakers Pair (White)\"','Electronics'),(920,920,'pounds',0,'Kenwood KFC-1653MRW 6.5 2-way Marine Speakers Pair (White)\"','Electronics'),(921,921,'pounds',1,'Kenwood KFC-1653MRW 6.5 2-way Marine Speakers Pair (White)\"','Electronics'),(922,922,'pounds',1,'Kenwood KFC-1653MRW 6.5 2-way Marine Speakers Pair (White)\"','Electronics'),(923,923,'pounds',1,'Kenwood KFC-1653MRW 6.5 2-way Marine Speakers Pair (White)\"','Electronics'),(924,924,'pounds',0,'Kenwood KFC-1653MRW 6.5 2-way Marine Speakers Pair (White)\"','Electronics'),(925,925,'pounds',1,'Kenwood KFC-1653MRW 6.5 2-way Marine Speakers Pair (White)\"','Electronics'),(926,926,'pounds',1,'Kenwood KFC-1653MRW 6.5 2-way Marine Speakers Pair (White)\"','Electronics'),(927,927,'pounds',1,'Kenwood KFC-1653MRW 6.5 2-way Marine Speakers Pair (White)\"','Electronics'),(928,928,'pounds',1,'Kenwood KFC-1653MRW 6.5 2-way Marine Speakers Pair (White)\"','Electronics'),(929,929,'pounds',0,'Kenwood KFC-1653MRW 6.5 2-way Marine Speakers Pair (White)\"','Electronics'),(930,930,'pounds',0,'Panamax - 11-Outlet Surge Protector - Black','Electronics'),(931,931,'pounds',1,'Panamax - 11-Outlet Surge Protector - Black','Electronics'),(932,932,'ounces',1,'Microsoft Surface Pro 4 Type Cover with Fingerprint ID','Electronics'),(933,933,'ounces',1,'Microsoft Surface Pro 4 Type Cover with Fingerprint ID','Electronics'),(934,934,'ounces',1,'Microsoft Surface Pro 4 Type Cover with Fingerprint ID','Electronics'),(935,935,'ounces',1,'Microsoft Surface Pro 4 Type Cover with Fingerprint ID','Electronics'),(936,936,'ounces',1,'Microsoft Surface Pro 4 Type Cover with Fingerprint ID','Electronics'),(937,937,'ounces',0,'Microsoft Surface Pro 4 Type Cover with Fingerprint ID','Electronics'),(938,938,'ounces',0,'Microsoft Surface Pro 4 Type Cover with Fingerprint ID','Electronics'),(939,939,'ounces',0,'Microsoft Surface Pro 4 Type Cover with Fingerprint ID','Electronics'),(940,940,'pounds',0,'Ultimate Ears MEGABLAST Portable Wi-Fi/Bluetooth Speaker with hands-free Amazon Alexa voice control (waterproof) - Graphite Black','Electronics'),(941,941,'ounces',1,'Ultimate Ears MEGABLAST Portable Wi-Fi/Bluetooth Speaker with hands-free Amazon Alexa voice control (waterproof) - Graphite Black','Electronics'),(942,942,'ounces',0,'Niles - SS-4 4-Pair Speaker Selector - Black','Electronics'),(943,943,'ounces',0,'Niles - SS-4 4-Pair Speaker Selector - Black','Electronics'),(944,944,'ounces',1,'SpeakerCraft - Profile CRS6 Two 6-1/2 In-Ceiling Speaker (Each) - Black\"','Electronics'),(945,945,'ounces',1,'SpeakerCraft - Profile CRS6 Two 6-1/2 In-Ceiling Speaker (Each) - Black\"','Electronics'),(946,946,'ounces',1,'CORSAIR VENGEANCE RGB 16GB (2x8GB) DDR4 3200MHz C16 Desktop Memory - Black','Electronics'),(947,947,'ounces',1,'CORSAIR VENGEANCE RGB 16GB (2x8GB) DDR4 3200MHz C16 Desktop Memory - Black','Electronics'),(948,948,'ounces',0,'CORSAIR VENGEANCE RGB 16GB (2x8GB) DDR4 3200MHz C16 Desktop Memory - Black','Electronics'),(949,949,'ounces',0,'CORSAIR VENGEANCE RGB 16GB (2x8GB) DDR4 3200MHz C16 Desktop Memory - Black','Electronics'),(950,950,'ounces',0,'DENAQ - AC Power Adapter and Charger for Select HP Omnibook, Pavilion and Presario Laptops - Black','Electronics'),(951,951,'pounds',0,'DENAQ - AC Power Adapter and Charger for Select HP Omnibook, Pavilion and Presario Laptops - Black','Electronics'),(952,952,'pounds',1,'DENAQ - AC Power Adapter and Charger for Select HP Omnibook, Pavilion and Presario Laptops - Black','Electronics'),(953,953,'pounds',1,'DENAQ - AC Power Adapter and Charger for Select HP Omnibook, Pavilion and Presario Laptops - Black','Electronics'),(954,954,'pounds',0,'DENAQ - AC Power Adapter and Charger for Select HP Omnibook, Pavilion and Presario Laptops - Black','Electronics'),(955,955,'lb',1,'DENAQ - AC Power Adapter and Charger for Select HP Omnibook, Pavilion and Presario Laptops - Black','Electronics'),(956,956,'lb',1,'SlideLITE Camera Strap SLL-1 (Black)','Electronics'),(957,957,'lb',0,'SlideLITE Camera Strap SLL-1 (Black)','Electronics'),(958,958,'lb',0,'SlideLITE Camera Strap SLL-1 (Black)','Electronics'),(959,959,'lb',0,'SlideLITE Camera Strap SLL-1 (Black)','Electronics'),(960,960,'lb',1,'SlideLITE Camera Strap SLL-1 (Black)','Electronics'),(961,961,'lb',0,'SlideLITE Camera Strap SLL-1 (Black)','Electronics'),(962,962,'lb',1,'SlideLITE Camera Strap SLL-1 (Black)','Electronics'),(963,963,'lb',1,'SlideLITE Camera Strap SLL-1 (Black)','Electronics'),(964,964,'lb',0,'SlideLITE Camera Strap SLL-1 (Black)','Electronics'),(965,965,'lb',1,'Flipside 300 Backpack (Black)','Electronics'),(966,966,'lb',0,'Flipside 300 Backpack (Black)','Electronics'),(967,967,'lb',0,'Flipside 300 Backpack (Black)','Electronics'),(968,968,'lb',0,'Flipside 300 Backpack (Black)','Electronics'),(969,969,'lb',1,'Flipside 300 Backpack (Black)','Electronics'),(970,970,'lb',0,'Flipside 300 Backpack (Black)','Electronics'),(971,971,'pounds',0,'Samsung - 50 Class (49.5\" Diag.) - LED - 1080p - Smart - HDTV\"','Electronics'),(972,972,'pounds',0,'Samsung - 50 Class (49.5\" Diag.) - LED - 1080p - Smart - HDTV\"','Electronics'),(973,973,'pounds',1,'Samsung - 50 Class (49.5\" Diag.) - LED - 1080p - Smart - HDTV\"','Electronics'),(974,974,'pounds',0,'Samsung - 50 Class (49.5\" Diag.) - LED - 1080p - Smart - HDTV\"','Electronics'),(975,975,'pounds',0,'Samsung - 50 Class (49.5\" Diag.) - LED - 1080p - Smart - HDTV\"','Electronics'),(976,976,'pounds',0,'Samsung - 50 Class (49.5\" Diag.) - LED - 1080p - Smart - HDTV\"','Electronics'),(977,977,'pounds',1,'Samsung - 50 Class (49.5\" Diag.) - LED - 1080p - Smart - HDTV\"','Electronics'),(978,978,'pounds',1,'Samsung - 50 Class (49.5\" Diag.) - LED - 1080p - Smart - HDTV\"','Electronics'),(979,979,'pounds',1,'Samsung - 50 Class (49.5\" Diag.) - LED - 1080p - Smart - HDTV\"','Electronics'),(980,980,'pounds',1,'Samsung - 50 Class (49.5\" Diag.) - LED - 1080p - Smart - HDTV\"','Electronics'),(981,981,'pounds',0,'Samsung - 50 Class (49.5\" Diag.) - LED - 1080p - Smart - HDTV\"','Electronics'),(982,982,'pounds',1,'Samsung - 50 Class (49.5\" Diag.) - LED - 1080p - Smart - HDTV\"','Electronics'),(983,983,'pounds',1,'Samsung - 50 Class (49.5\" Diag.) - LED - 1080p - Smart - HDTV\"','Electronics'),(984,984,'pounds',1,'Samsung - 50 Class (49.5\" Diag.) - LED - 1080p - Smart - HDTV\"','Electronics'),(985,985,'pounds',0,'Samsung - 50 Class (49.5\" Diag.) - LED - 1080p - Smart - HDTV\"','Electronics'),(986,986,'pounds',0,'Samsung - 50 Class (49.5\" Diag.) - LED - 1080p - Smart - HDTV\"','Electronics'),(987,987,'pounds',1,'Samsung - 50 Class (49.5\" Diag.) - LED - 1080p - Smart - HDTV\"','Electronics'),(988,988,'pounds',0,'Samsung - 50 Class (49.5\" Diag.) - LED - 1080p - Smart - HDTV\"','Electronics'),(989,989,'pounds',1,'Samsung - 50 Class (49.5\" Diag.) - LED - 1080p - Smart - HDTV\"','Electronics'),(990,990,'pounds',0,'Samsung - 50 Class (49.5\" Diag.) - LED - 1080p - Smart - HDTV\"','Electronics'),(991,991,'ounces',0,'iHome Rechargeable Splash Proof Stereo Bluetooth Speaker - Black (IBT33BC)','Electronics'),(992,992,'ounces',0,'iHome Rechargeable Splash Proof Stereo Bluetooth Speaker - Black (IBT33BC)','Electronics'),(993,993,'ounces',1,'iHome Rechargeable Splash Proof Stereo Bluetooth Speaker - Black (IBT33BC)','Electronics'),(994,994,'ounces',1,'iHome Rechargeable Splash Proof Stereo Bluetooth Speaker - Black (IBT33BC)','Electronics'),(995,995,'ounces',0,'iHome Rechargeable Splash Proof Stereo Bluetooth Speaker - Black (IBT33BC)','Electronics'),(996,996,'ounces',0,'iHome Rechargeable Splash Proof Stereo Bluetooth Speaker - Black (IBT33BC)','Electronics'),(997,997,'ounces',1,'iHome Rechargeable Splash Proof Stereo Bluetooth Speaker - Black (IBT33BC)','Electronics'),(998,998,'ounces',0,'iHome Rechargeable Splash Proof Stereo Bluetooth Speaker - Black (IBT33BC)','Electronics'),(999,999,'pounds',0,'Polk Audio - 50 W Woofer - Black','Electronics'),(1000,1000,'ounces',1,'Apple - Pre-Owned iPad 3 - 64GB - Black','Electronics'),(1001,1001,'ounces',1,'Apple - Pre-Owned iPad 3 - 64GB - Black','Electronics'),(1002,1002,'ounces',1,'Apple - Pre-Owned iPad 3 - 64GB - Black','Electronics'),(1003,1003,'ounces',1,'Apple - Pre-Owned iPad 3 - 64GB - Black','Electronics'),(1004,1004,'ounces',0,'Corsair CMSA8GX3M2A1066C7 Apple 8 GB Dual Channel Kit DDR3 1066 (PC3 8500) 204-Pin DDR3 Laptop SO-DIMM Memory 1.5V','Electronics'),(1005,1005,'ounces',1,'Corsair CMSA8GX3M2A1066C7 Apple 8 GB Dual Channel Kit DDR3 1066 (PC3 8500) 204-Pin DDR3 Laptop SO-DIMM Memory 1.5V','Electronics'),(1006,1006,'ounces',1,'Corsair CMSA8GX3M2A1066C7 Apple 8 GB Dual Channel Kit DDR3 1066 (PC3 8500) 204-Pin DDR3 Laptop SO-DIMM Memory 1.5V','Electronics'),(1007,1007,'ounces',0,'Corsair CMSA8GX3M2A1066C7 Apple 8 GB Dual Channel Kit DDR3 1066 (PC3 8500) 204-Pin DDR3 Laptop SO-DIMM Memory 1.5V','Electronics'),(1008,1008,'ounces',0,'Corsair CMSA8GX3M2A1066C7 Apple 8 GB Dual Channel Kit DDR3 1066 (PC3 8500) 204-Pin DDR3 Laptop SO-DIMM Memory 1.5V','Electronics'),(1009,1009,'ounces',1,'Corsair CMSA8GX3M2A1066C7 Apple 8 GB Dual Channel Kit DDR3 1066 (PC3 8500) 204-Pin DDR3 Laptop SO-DIMM Memory 1.5V','Electronics'),(1010,1010,'pounds',1,'ST640P Universal Tilt Wall Mount for 32 to 50 Displays','Electronics'),(1011,1011,'pounds',0,'ST640P Universal Tilt Wall Mount for 32 to 50 Displays','Electronics'),(1012,1012,'pounds',0,'ST640P Universal Tilt Wall Mount for 32 to 50 Displays','Electronics'),(1013,1013,'pounds',1,'ST640P Universal Tilt Wall Mount for 32 to 50 Displays','Electronics'),(1014,1014,'lb',1,'Virtually Invisible 891 In-Wall Speakers (Pair)','Electronics'),(1015,1015,'lb',0,'Virtually Invisible 891 In-Wall Speakers (Pair)','Electronics'),(1016,1016,'lb',0,'AVR-X1400H 7.2-Channel Network A/V Receiver','Electronics'),(1017,1017,'lb',1,'AVR-X1400H 7.2-Channel Network A/V Receiver','Electronics'),(1018,1018,'lb',0,'AVR-X1400H 7.2-Channel Network A/V Receiver','Electronics'),(1019,1019,'lb',0,'AVR-X1400H 7.2-Channel Network A/V Receiver','Electronics'),(1020,1020,'lb',1,'AVR-X1400H 7.2-Channel Network A/V Receiver','Electronics'),(1021,1021,'lb',1,'AVR-X1400H 7.2-Channel Network A/V Receiver','Electronics'),(1022,1022,'lb',1,'AVR-X1400H 7.2-Channel Network A/V Receiver','Electronics'),(1023,1023,'lb',1,'AVR-X1400H 7.2-Channel Network A/V Receiver','Electronics'),(1024,1024,'lb',0,'AVR-X1400H 7.2-Channel Network A/V Receiver','Electronics');
/*!40000 ALTER TABLE `product_dimension` ENABLE KEYS */;
UNLOCK TABLES;

--
-- Table structure for table `shipment_fact`
--

DROP TABLE IF EXISTS `shipment_fact`;
/*!40101 SET @saved_cs_client     = @@character_set_client */;
/*!50503 SET character_set_client = utf8mb4 */;
CREATE TABLE `shipment_fact` (
  `Shipment_Fact_Key` int NOT NULL AUTO_INCREMENT,
  `Shipment_ID` varchar(10) NOT NULL,
  `Quantity` int NOT NULL,
  `Product` int NOT NULL,
  `Origin` int NOT NULL,
  `Destination` int NOT NULL,
  `Vendor` int NOT NULL,
  `Date_Departed` int NOT NULL,
  `Time_Departed` int NOT NULL,
  `Timezone_Departed` int DEFAULT NULL,
  `Date_Arrived` int NOT NULL,
  `Time_Arrived` int NOT NULL,
  `Timezone_Arrived` int DEFAULT NULL,
  PRIMARY KEY (`Shipment_Fact_Key`),
  KEY `fk_Shipment Fact_Product Dimension_idx` (`Product`),
  KEY `fk_Shipment Fact_Port Dimension2_idx` (`Origin`),
  KEY `fk_Shipment Fact_Port Dimension1_idx` (`Destination`),
  KEY `fk_Shipment Fact_Vendor Dimension1_idx` (`Vendor`),
  KEY `fk_Shipment Fact_Date Dimension1_idx` (`Date_Departed`),
  KEY `fk_Shipment Fact_Time Dimension1_idx` (`Time_Departed`),
  KEY `fk_Shipment Fact_Timezone Dimension1_idx` (`Timezone_Departed`),
  KEY `fk_Shipment Fact_Date Dimension2_idx` (`Date_Arrived`),
  KEY `fk_Shipment Fact_Time Dimension2_idx` (`Time_Arrived`),
  KEY `fk_Shipment Fact_Timezone Dimension2_idx` (`Timezone_Arrived`),
  CONSTRAINT `fk_Shipment Fact_Date Dimension1` FOREIGN KEY (`Date_Departed`) REFERENCES `date_dimension` (`Date_Key`),
  CONSTRAINT `fk_Shipment Fact_Date Dimension2` FOREIGN KEY (`Date_Arrived`) REFERENCES `date_dimension` (`Date_Key`),
  CONSTRAINT `fk_Shipment Fact_Port Dimension1` FOREIGN KEY (`Destination`) REFERENCES `port_dimension` (`Port_Key`),
  CONSTRAINT `fk_Shipment Fact_Port Dimension2` FOREIGN KEY (`Origin`) REFERENCES `port_dimension` (`Port_Key`),
  CONSTRAINT `fk_Shipment Fact_Product Dimension` FOREIGN KEY (`Product`) REFERENCES `product_dimension` (`Product_Key`),
  CONSTRAINT `fk_Shipment Fact_Time Dimension1` FOREIGN KEY (`Time_Departed`) REFERENCES `time_dimension` (`Time_Key`),
  CONSTRAINT `fk_Shipment Fact_Time Dimension2` FOREIGN KEY (`Time_Arrived`) REFERENCES `time_dimension` (`Time_Key`),
  CONSTRAINT `fk_Shipment Fact_Timezone Dimension1` FOREIGN KEY (`Timezone_Departed`) REFERENCES `timezone_dimension` (`Timezone_Key`),
  CONSTRAINT `fk_Shipment Fact_Timezone Dimension2` FOREIGN KEY (`Timezone_Arrived`) REFERENCES `timezone_dimension` (`Timezone_Key`),
  CONSTRAINT `fk_Shipment Fact_Vendor Dimension1` FOREIGN KEY (`Vendor`) REFERENCES `vendor_dimension` (`Vendor_Key`)
) ENGINE=InnoDB AUTO_INCREMENT=1023 DEFAULT CHARSET=utf8;
/*!40101 SET character_set_client = @saved_cs_client */;

--
-- Dumping data for table `shipment_fact`
--

LOCK TABLES `shipment_fact` WRITE;
/*!40000 ALTER TABLE `shipment_fact` DISABLE KEYS */;
INSERT INTO `shipment_fact` VALUES (1,'0003-1428',10,58,7,9,63,66,66,1,160,160,1),(2,'0003-2560',3,196,5,9,43,26,26,5,105,105,1),(3,'0003-6337',18,185,8,9,46,20,20,1,142,142,1),(4,'0004-0068',42,683,13,9,41,32,32,2,99,99,1),(5,'0006-0705',23,746,7,9,17,70,70,1,129,129,1),(6,'0006-3395',22,346,7,9,19,40,40,1,164,164,1),(7,'0006-5424',42,717,10,9,54,21,21,2,100,100,1),(8,'0007-4888',19,415,4,9,9,20,20,3,173,173,1),(9,'0009-0022',24,620,14,9,24,67,67,1,156,156,1),(10,'0009-5401',7,710,11,9,17,60,60,1,136,136,1),(11,'0023-4383',28,302,15,9,27,37,37,1,140,140,1),(12,'0025-2021',27,1019,13,9,35,113,113,2,123,123,1),(13,'0037-6823',46,449,9,1,28,68,68,1,118,118,1),(14,'0039-0020',4,484,5,9,30,32,32,5,147,147,1),(15,'0049-3960',12,445,10,9,62,6,6,2,95,95,1),(16,'0053-7632',42,819,6,9,38,71,71,4,107,107,1),(17,'0053-7695',3,53,12,9,46,28,28,1,120,120,1),(18,'0054-0546',50,316,14,9,52,47,47,1,161,161,1),(19,'0068-0509',24,524,14,9,38,75,75,1,138,138,1),(20,'0069-0201',39,878,15,9,9,20,20,1,145,145,1),(21,'0069-2160',32,249,8,9,64,47,47,1,129,129,1),(22,'0069-2589',12,558,15,9,17,32,32,1,145,145,1),(23,'0069-4190',33,281,8,9,8,77,77,1,109,109,1),(24,'0069-4496',13,38,11,9,50,58,58,1,117,117,1),(25,'0074-2108',32,7,16,9,64,45,45,3,168,168,1),(26,'0074-3010',22,467,6,9,6,60,60,4,120,120,1),(27,'0074-3040',1,474,7,9,39,52,52,1,170,170,1),(28,'0078-0344',19,993,9,14,24,3,3,1,160,160,1),(29,'0078-0351',28,282,7,9,39,47,47,1,151,151,1),(30,'0078-0511',8,556,14,9,25,53,53,1,164,164,1),(31,'0085-4356',28,163,6,9,34,4,4,4,157,157,1),(32,'0091-3725',6,254,15,9,61,9,9,1,158,158,1),(33,'0093-2240',49,459,13,9,51,56,56,2,116,116,1),(34,'0093-2263',34,668,14,9,38,78,78,1,120,120,1),(35,'0093-3195',20,284,14,9,61,16,16,1,98,98,1),(36,'0093-5712',7,198,11,9,18,48,48,1,155,155,1),(37,'0093-6126',40,220,14,9,46,78,78,1,113,113,1),(38,'0093-7291',10,18,2,9,42,76,76,5,105,105,1),(39,'0093-7304',46,877,10,9,12,44,44,2,143,143,1),(40,'0093-7382',50,825,8,9,36,64,64,1,161,161,1),(41,'0113-0615',17,551,16,9,43,14,14,3,102,102,1),(42,'0113-2141',12,36,5,9,36,47,47,5,115,115,1),(43,'0115-8322',33,665,8,9,38,63,63,1,128,128,1),(44,'0135-0199',12,686,15,9,48,44,44,1,159,159,1),(45,'0143-9807',25,775,16,9,21,11,11,3,140,140,1),(46,'0143-9856',32,63,4,9,34,34,34,3,99,99,1),(47,'0169-3696',11,704,3,9,21,43,43,2,153,153,1),(48,'0173-0756',38,946,2,9,43,66,66,5,158,158,1),(49,'0173-0841',4,707,6,9,61,36,36,4,99,99,1),(50,'0173-0863',33,313,8,9,19,70,70,1,162,162,1),(51,'0178-0089',17,147,6,9,57,72,72,4,121,121,1),(52,'0178-0796',24,244,5,9,55,78,78,5,143,143,1),(53,'0179-0129',19,537,8,9,27,21,21,1,138,138,1),(54,'0185-0145',3,561,9,11,19,6,6,1,100,100,1),(55,'0187-0140',4,228,5,9,60,49,49,5,115,115,1),(56,'0187-1619',20,243,6,9,17,15,15,4,177,177,1),(57,'0245-0085',27,137,8,9,38,47,47,1,129,129,1),(58,'0264-7520',7,661,12,9,55,19,19,1,110,110,1),(59,'0268-0090',47,247,16,9,6,5,5,3,180,180,1),(60,'0268-0161',21,448,3,9,36,1,1,2,106,106,1),(61,'0268-0286',19,890,7,9,13,50,50,1,168,168,1),(62,'0268-0839',8,72,1,9,24,41,41,1,107,107,1),(63,'0268-0966',43,599,16,9,12,52,52,3,95,95,1),(64,'0268-1106',23,763,13,9,13,49,49,2,128,128,1),(65,'0268-1332',3,922,7,9,62,53,53,1,131,131,1),(66,'0268-1419',34,672,3,9,48,28,28,2,96,96,1),(67,'0268-6193',46,98,2,9,48,43,43,5,104,104,1),(68,'0268-6519',15,832,3,9,18,30,30,2,104,104,1),(69,'0268-6610',48,305,9,8,19,22,22,1,163,163,1),(70,'0268-6680',43,171,13,9,42,58,58,2,128,128,1),(71,'0268-6682',29,195,6,9,38,73,73,4,103,103,1),(72,'0268-6692',6,9,8,9,61,24,24,1,163,163,1),(73,'0280-1134',19,984,1,9,24,17,17,1,163,163,1),(74,'0280-2000',7,299,13,9,56,5,5,2,121,121,1),(75,'0310-0950',30,690,2,9,59,77,77,5,159,159,1),(76,'0338-0118',28,519,16,9,62,74,74,3,152,152,1),(77,'0338-0125',12,532,5,9,8,41,41,5,138,138,1),(78,'0363-0054',35,930,2,9,47,68,68,5,153,153,1),(79,'0363-0173',23,278,11,9,61,33,33,1,135,135,1),(80,'0363-0430',48,306,2,9,63,20,20,5,180,180,1),(81,'0363-1009',48,460,14,9,22,32,32,1,113,113,1),(82,'0363-5440',24,868,5,9,40,25,25,5,178,178,1),(83,'0363-6080',20,121,8,9,49,68,68,1,127,127,1),(84,'0363-9171',28,626,2,9,36,52,52,5,109,109,1),(85,'0378-0253',29,576,3,9,22,38,38,2,114,114,1),(86,'0378-2023',40,418,2,9,18,65,65,5,107,107,1),(87,'0378-2098',46,801,9,2,50,72,72,1,178,178,5),(88,'0378-3412',7,12,14,9,56,29,29,1,151,151,1),(89,'0378-3612',5,787,6,9,55,75,75,4,170,170,1),(90,'0378-4017',11,324,5,9,57,50,50,5,116,116,1),(91,'0378-8015',2,583,16,9,28,20,20,3,182,182,1),(92,'0404-5991',27,177,9,10,48,78,78,1,170,170,2),(93,'0404-6500',41,503,16,9,45,7,7,3,168,168,1),(94,'0406-9932',49,303,4,9,59,52,52,3,137,137,1),(95,'0407-1412',31,774,11,9,5,23,23,1,165,165,1),(96,'0409-2634',25,332,14,9,38,4,4,1,122,122,1),(97,'0409-4166',26,242,2,9,63,30,30,5,151,151,1),(98,'0409-4274',27,126,15,9,34,39,39,1,161,161,1),(99,'0409-7111',21,516,5,9,22,2,2,5,180,180,1),(100,'0409-7620',36,696,1,9,48,37,37,1,170,170,1),(101,'0440-1350',7,714,7,9,13,73,73,1,162,162,1),(102,'0485-0254',43,791,16,9,19,65,65,3,120,120,1),(103,'0527-1344',4,114,2,9,53,11,11,5,102,102,1),(104,'0527-1727',22,525,10,9,56,1,1,2,142,142,1),(105,'0536-3000',25,393,8,9,16,60,60,1,156,156,1),(106,'0536-3405',3,733,10,9,44,77,77,2,132,132,1),(107,'0555-0098',26,793,8,9,62,60,60,1,97,97,1),(108,'0555-0484',21,990,15,9,64,30,30,1,103,103,1),(109,'0574-0292',11,85,12,9,50,35,35,1,146,146,1),(110,'0574-0827',20,188,14,9,59,39,39,1,179,179,1),(111,'0591-0810',23,919,16,9,25,66,66,3,151,151,1),(112,'0591-3248',27,413,10,9,17,1,1,2,174,174,1),(113,'0603-3741',50,308,5,9,32,7,7,5,143,143,1),(114,'0603-7862',27,1020,14,9,23,158,158,1,168,168,1),(115,'0615-0675',33,536,1,9,62,40,40,1,154,154,1),(116,'0615-2563',30,692,5,9,31,40,40,5,134,134,1),(117,'0615-4513',25,655,4,9,44,34,34,3,112,112,1),(118,'0615-4544',26,298,7,9,56,36,36,1,110,110,1),(119,'0703-0063',6,604,14,9,46,34,34,1,96,96,1),(120,'0703-0113',35,785,9,2,48,57,57,1,125,125,5),(121,'0703-3311',49,490,7,9,47,44,44,1,112,112,1),(122,'0703-4156',10,74,7,9,16,57,57,1,104,104,1),(123,'0703-4244',49,964,5,9,60,2,2,5,174,174,1),(124,'0781-1683',30,765,10,9,1,12,12,2,128,128,1),(125,'0781-1750',20,213,12,9,20,33,33,1,99,99,1),(126,'0781-2226',7,101,12,9,41,17,17,1,182,182,1),(127,'0781-5710',21,928,3,9,6,43,43,2,104,104,1),(128,'0781-5986',5,245,12,9,46,6,6,1,170,170,1),(129,'0781-9039',22,255,4,9,19,58,58,3,98,98,1),(130,'0781-9407',44,722,2,9,38,25,25,5,109,109,1),(131,'0904-2011',31,514,2,9,18,55,55,5,148,148,1),(132,'0904-3571',3,319,4,9,37,22,22,3,157,157,1),(133,'0904-5135',14,434,2,9,11,53,53,5,132,132,1),(134,'0904-5463',38,150,11,9,12,42,42,1,101,101,1),(135,'0904-6281',5,309,12,9,5,4,4,1,115,115,1),(136,'0904-6342',10,600,1,9,12,32,32,1,141,141,1),(137,'0904-6347',13,836,5,9,49,3,3,5,153,153,1),(138,'0904-7651',30,144,3,9,46,51,51,2,128,128,1),(139,'0924-0162',36,130,2,9,55,68,68,5,145,145,1),(140,'0942-6479',24,92,14,9,34,73,73,1,99,99,1),(141,'0944-2512',47,4,5,9,40,53,53,5,175,175,1),(142,'0944-2841',16,358,11,9,53,19,19,1,119,119,1),(143,'10006-008',6,477,10,9,11,59,59,2,98,98,1),(144,'10056-400',44,170,7,9,48,47,47,1,112,112,1),(145,'10158-003',13,56,1,9,48,15,15,1,175,175,1),(146,'10237-656',40,186,7,9,1,46,46,1,143,143,1),(147,'10237-741',16,89,8,9,5,33,33,1,115,115,1),(148,'10345-020',38,950,11,9,47,51,51,1,122,122,1),(149,'10424-163',10,813,10,9,31,47,47,2,104,104,1),(150,'10544-146',6,234,7,9,34,46,46,1,176,176,1),(151,'10544-169',18,904,1,9,41,23,23,1,150,150,1),(152,'10544-525',28,513,9,11,30,51,51,1,122,122,1),(153,'10544-592',20,166,11,9,38,75,75,1,120,120,1),(154,'10631-117',1,735,4,9,51,21,21,3,128,128,1),(155,'10671-013',41,125,10,9,34,16,16,2,158,158,1),(156,'10738-102',9,82,2,9,18,69,69,5,171,171,1),(157,'10742-8233',13,669,10,9,55,56,56,2,101,101,1),(158,'10755-015',7,913,9,1,47,9,9,1,131,131,1),(159,'10812-068',15,314,7,9,45,68,68,1,142,142,1),(160,'10812-429',25,539,13,9,18,76,76,2,167,167,1),(161,'10812-510',35,55,16,9,36,5,5,3,146,146,1),(162,'10812-606',38,473,8,9,38,42,42,1,135,135,1),(163,'10812-849',36,118,11,9,10,42,42,1,149,149,1),(164,'10812-953',24,380,14,9,4,35,35,1,98,98,1),(165,'10889-112',4,929,9,1,43,78,78,1,115,115,1),(166,'10922-826',10,682,7,9,63,78,78,1,148,148,1),(167,'11084-115',43,961,9,1,51,8,8,1,112,112,1),(168,'11084-241',40,365,10,9,25,74,74,2,150,150,1),(169,'11086-040',37,472,1,9,49,78,78,1,109,109,1),(170,'11410-839',6,678,11,9,47,34,34,1,165,165,1),(171,'11489-060',28,811,13,9,2,29,29,2,182,182,1),(172,'11489-069',26,823,16,9,34,75,75,3,125,125,1),(173,'11523-0771',49,879,4,9,14,2,2,3,117,117,1),(174,'11523-7324',49,666,7,9,55,23,23,1,121,121,1),(175,'11534-073',49,792,1,9,29,18,18,1,115,115,1),(176,'11673-384',50,614,11,9,25,12,12,1,177,177,1),(177,'11822-0126',17,402,2,9,18,67,67,5,131,131,1),(178,'11822-0542',37,592,3,9,14,37,37,2,177,177,1),(179,'11822-0616',8,720,3,9,18,39,39,2,118,118,1),(180,'11822-5156',34,954,7,9,34,6,6,1,97,97,1),(181,'11994-427',25,372,5,9,3,14,14,5,178,178,1),(182,'12634-171',31,949,12,9,47,10,10,1,115,115,1),(183,'13107-053',4,644,5,9,57,55,55,5,95,95,1),(184,'13537-031',23,432,3,9,12,28,28,2,125,125,1),(185,'13537-159',33,194,2,9,37,26,26,5,148,148,1),(186,'13537-174',6,527,4,9,19,44,44,3,118,118,1),(187,'13537-408',5,206,15,9,54,67,67,1,130,130,1),(188,'13537-602',37,428,14,9,15,59,59,1,152,152,1),(189,'13630-0008',1,712,1,9,20,21,21,1,157,157,1),(190,'13668-080',35,59,13,9,25,66,66,2,160,160,1),(191,'14783-108',45,335,4,9,39,51,51,3,110,110,1),(192,'15127-001',2,896,3,9,11,8,8,2,139,139,1),(193,'15127-909',21,90,7,9,26,74,74,1,117,117,1),(194,'15749-825',18,999,16,9,48,53,53,3,174,174,1),(195,'16571-413',33,830,15,9,32,40,40,1,129,129,1),(196,'16590-006',37,102,11,9,6,10,10,1,147,147,1),(197,'16590-057',11,231,16,9,2,26,26,3,175,175,1),(198,'16590-207',42,802,2,9,58,28,28,5,169,169,1),(199,'16590-347',8,257,9,14,38,68,68,1,139,139,1),(200,'16590-830',1,917,12,9,38,65,65,1,149,149,1),(201,'16714-111',10,27,13,9,53,63,63,2,166,166,1),(202,'16714-304',20,237,10,9,11,24,24,2,148,148,1),(203,'16729-115',34,491,13,9,38,16,16,2,150,150,1),(204,'16781-375',32,564,5,9,40,9,9,5,99,99,1),(205,'17089-025',9,555,13,9,33,63,63,2,166,166,1),(206,'17156-602',20,619,13,9,9,78,78,2,97,97,1),(207,'17238-900',15,687,4,9,44,59,59,3,170,170,1),(208,'17271-502',3,487,16,9,6,13,13,3,121,121,1),(209,'17350-015',5,224,3,9,41,45,45,2,111,111,1),(210,'17478-253',27,43,13,9,34,76,76,2,158,158,1),(211,'17856-5309',10,645,12,9,34,77,77,1,175,175,1),(212,'18027-030',14,344,1,9,7,31,31,1,110,110,1),(213,'21130-255',15,739,6,9,4,19,19,4,152,152,1),(214,'21130-327',1,389,12,9,14,39,39,1,98,98,1),(215,'21130-503',38,759,16,9,20,70,70,3,147,147,1),(216,'21695-055',6,852,5,9,26,59,59,5,166,166,1),(217,'21695-108',8,985,8,9,41,68,68,1,112,112,1),(218,'21695-236',35,953,8,9,12,54,54,1,159,159,1),(219,'21695-238',50,122,7,9,13,31,31,1,161,161,1),(220,'21695-655',2,388,5,9,17,8,8,5,164,164,1),(221,'21695-656',50,522,7,9,49,47,47,1,146,146,1),(222,'21695-880',34,591,4,9,19,63,63,3,140,140,1),(223,'21749-152',3,106,7,9,37,46,46,1,176,176,1),(224,'21749-415',29,726,11,9,54,66,66,1,162,162,1),(225,'21749-525',4,611,6,9,47,3,3,4,131,131,1),(226,'22431-132',49,49,9,12,38,78,78,1,179,179,1),(227,'22700-140',13,500,5,9,37,45,45,5,139,139,1),(228,'23155-114',37,407,16,9,14,24,24,3,176,176,1),(229,'23155-121',2,923,13,9,31,4,4,2,182,182,1),(230,'23155-123',16,414,15,9,16,26,26,1,121,121,1),(231,'24236-777',3,824,1,9,33,31,31,1,130,130,1),(232,'24236-845',2,1002,7,9,11,91,91,1,101,101,1),(233,'24385-374',32,182,11,9,39,8,8,1,129,129,1),(234,'24385-462',30,857,8,9,28,5,5,1,95,95,1),(235,'24385-465',37,776,1,9,63,63,63,1,148,148,1),(236,'24909-618',12,429,10,9,45,63,63,2,176,176,1),(237,'27241-006',45,276,5,9,46,14,14,5,134,134,1),(238,'28105-160',8,143,4,9,5,59,59,3,160,160,1),(239,'29336-400',29,173,10,9,55,4,4,2,100,100,1),(240,'29500-0241',1,41,8,9,28,65,65,1,142,142,1),(241,'29500-9038',44,79,4,9,24,57,57,3,178,178,1),(242,'30142-070',31,494,15,9,36,12,12,1,144,144,1),(243,'30142-090',29,76,14,9,38,5,5,1,107,107,1),(244,'30142-328',14,260,5,9,35,57,57,5,147,147,1),(245,'30142-458',26,197,12,9,63,69,69,1,109,109,1),(246,'30142-800',32,235,13,9,48,25,25,2,100,100,1),(247,'30142-935',12,285,10,9,54,68,68,2,161,161,1),(248,'31382-753',39,1012,5,9,16,152,152,5,162,162,1),(249,'31722-520',33,394,7,9,33,58,58,1,126,126,1),(250,'31722-731',21,988,14,9,59,32,32,1,131,131,1),(251,'33261-104',35,915,6,9,21,5,5,4,95,95,1),(252,'33261-107',8,297,8,9,33,10,10,1,96,96,1),(253,'33261-228',19,909,10,9,58,15,15,2,138,138,1),(254,'33261-651',24,773,12,9,12,12,12,1,173,173,1),(255,'33261-667',37,96,3,9,27,64,64,2,135,135,1),(256,'33261-672',7,504,1,9,13,20,20,1,141,141,1),(257,'33261-816',35,295,16,9,61,3,3,3,100,100,1),(258,'33261-826',23,845,10,9,47,38,38,2,159,159,1),(259,'33342-058',25,304,3,9,61,46,46,2,130,130,1),(260,'34362-0270',23,520,1,9,3,15,15,1,101,101,1),(261,'34666-050',45,364,14,9,5,67,67,1,123,123,1),(262,'35356-090',48,688,3,9,51,70,70,2,141,141,1),(263,'35356-386',24,869,12,9,9,60,60,1,118,118,1),(264,'35356-736',13,609,9,12,54,54,54,1,150,150,1),(265,'35356-749',46,902,11,9,16,33,33,1,112,112,1),(266,'35356-827',34,136,1,9,27,74,74,1,117,117,1),(267,'35356-989',23,423,16,9,34,60,60,3,134,134,1),(268,'36000-284',25,894,15,9,12,59,59,1,134,134,1),(269,'36800-041',31,270,15,9,58,18,18,1,162,162,1),(270,'36800-198',25,39,16,9,42,32,32,3,109,109,1),(271,'36800-285',26,486,11,9,47,25,25,1,126,126,1),(272,'36800-422',2,210,2,9,64,14,14,5,98,98,1),(273,'36800-851',20,638,15,9,25,14,14,1,106,106,1),(274,'36987-1007',4,71,16,9,47,45,45,3,151,151,1),(275,'36987-1228',40,862,15,9,59,39,39,1,168,168,1),(276,'36987-1498',5,976,3,9,14,52,52,2,140,140,1),(277,'36987-1578',37,480,3,9,37,74,74,2,137,137,1),(278,'36987-1610',21,1017,8,9,37,102,102,1,112,112,1),(279,'36987-1651',14,814,15,9,48,34,34,1,127,127,1),(280,'36987-1654',40,505,8,9,22,29,29,1,183,183,1),(281,'36987-1855',32,183,16,9,45,34,34,3,136,136,1),(282,'36987-1888',23,21,12,9,8,47,47,1,116,116,1),(283,'36987-1926',31,782,15,9,4,5,5,1,133,133,1),(284,'36987-2237',25,264,1,9,6,18,18,1,111,111,1),(285,'36987-2238',37,713,8,9,51,50,50,1,100,100,1),(286,'36987-2317',4,627,6,9,52,65,65,4,147,147,1),(287,'36987-2506',41,675,6,9,15,54,54,4,122,122,1),(288,'36987-2571',7,633,8,9,8,57,57,1,134,134,1),(289,'36987-2639',47,430,15,9,53,39,39,1,155,155,1),(290,'36987-2711',37,463,4,9,48,40,40,3,114,114,1),(291,'36987-2734',40,865,9,6,7,53,53,1,139,139,4),(292,'36987-2838',42,629,12,9,44,56,56,1,123,123,1),(293,'36987-2905',2,874,7,9,22,34,34,1,163,163,1),(294,'36987-2919',22,647,16,9,14,58,58,3,144,144,1),(295,'36987-2969',21,425,8,9,41,1,1,1,172,172,1),(296,'36987-2998',5,26,7,9,29,71,71,1,144,144,1),(297,'36987-3001',23,149,12,9,14,17,17,1,137,137,1),(298,'36987-3031',39,744,1,9,60,23,23,1,113,113,1),(299,'36987-3075',14,585,8,9,18,30,30,1,135,135,1),(300,'36987-3079',34,567,16,9,56,73,73,3,129,129,1),(301,'36987-3091',35,803,6,9,11,68,68,4,130,130,1),(302,'36987-3115',48,190,15,9,62,19,19,1,161,161,1),(303,'36987-3256',26,581,12,9,53,52,52,1,139,139,1),(304,'37000-071',22,348,14,9,3,60,60,1,173,173,1),(305,'37000-224',23,693,12,9,37,55,55,1,154,154,1),(306,'37012-120',21,628,5,9,23,76,76,5,94,94,1),(307,'37012-337',38,221,10,9,55,37,37,2,116,116,1),(308,'37205-137',48,808,1,9,27,6,6,1,122,122,1),(309,'37205-684',2,876,14,9,16,17,17,1,139,139,1),(310,'37205-755',27,886,11,9,49,39,39,1,180,180,1),(311,'37808-328',47,399,4,9,21,4,4,3,130,130,1),(312,'37808-437',5,991,4,9,29,29,29,3,171,171,1),(313,'37808-491',25,624,3,9,18,46,46,2,134,134,1),(314,'37808-915',21,684,14,9,3,48,48,1,150,150,1),(315,'40032-450',4,401,9,1,35,47,47,1,120,120,1),(316,'40042-052',47,586,7,9,60,15,15,1,115,115,1),(317,'40046-0037',19,1,9,2,51,53,53,1,162,162,5),(318,'40085-893',12,653,10,9,43,45,45,2,94,94,1),(319,'41167-0331',4,181,12,9,11,74,74,1,181,181,1),(320,'41190-544',28,685,10,9,49,16,16,2,183,183,1),(321,'41250-061',29,794,7,9,48,63,63,1,95,95,1),(322,'41250-078',44,751,4,9,49,9,9,3,149,149,1),(323,'41250-180',19,383,4,9,1,40,40,3,131,131,1),(324,'41250-194',37,390,11,9,21,66,66,1,121,121,1),(325,'41250-742',25,533,12,9,50,63,63,1,122,122,1),(326,'41520-057',4,766,15,9,51,2,2,1,111,111,1),(327,'41520-242',12,1011,6,9,22,137,137,4,147,147,1),(328,'41520-742',8,478,15,9,51,34,34,1,118,118,1),(329,'41595-6502',12,438,11,9,41,78,78,1,95,95,1),(330,'42211-203',50,703,4,9,44,65,65,3,128,128,1),(331,'42254-136',7,981,12,9,2,57,57,1,146,146,1),(332,'42254-216',49,548,5,9,63,76,76,5,115,115,1),(333,'42254-254',16,1007,4,9,2,168,168,3,178,178,1),(334,'42254-300',21,433,9,1,13,21,21,1,128,128,1),(335,'42291-109',28,939,13,9,29,54,54,2,130,130,1),(336,'42291-228',45,450,2,9,43,29,29,5,145,145,1),(337,'42291-339',4,13,10,9,4,78,78,2,142,142,1),(338,'42291-366',42,338,2,9,50,2,2,5,114,114,1),(339,'42291-526',30,521,8,9,21,78,78,1,101,101,1),(340,'42291-600',43,931,6,9,58,53,53,4,146,146,1),(341,'42291-756',23,1023,4,9,19,132,132,3,142,142,1),(342,'42406-007',6,336,3,9,53,15,15,2,118,118,1),(343,'42507-004',1,34,2,9,24,22,22,5,143,143,1),(344,'42507-187',10,910,15,9,30,32,32,1,95,95,1),(345,'42507-247',9,214,11,9,42,47,47,1,154,154,1),(346,'42507-298',15,154,7,9,6,27,27,1,96,96,1),(347,'42507-468',13,160,3,9,51,74,74,2,142,142,1),(348,'42507-720',23,69,12,9,36,56,56,1,166,166,1),(349,'42507-994',26,1003,13,9,31,160,160,2,170,170,1),(350,'42546-145',36,312,1,9,25,65,65,1,146,146,1),(351,'42549-680',45,535,16,9,13,72,72,3,178,178,1),(352,'42637-810',6,702,15,9,58,40,40,1,144,144,1),(353,'42808-111',48,694,11,9,45,9,9,1,155,155,1),(354,'42979-120',38,563,6,9,58,21,21,4,164,164,1),(355,'43063-108',5,777,8,9,60,47,47,1,105,105,1),(356,'43063-188',18,329,8,9,38,39,39,1,147,147,1),(357,'43063-190',15,789,12,9,54,26,26,1,160,160,1),(358,'43063-204',42,14,15,9,15,34,34,1,101,101,1),(359,'43063-484',14,809,8,9,36,6,6,1,104,104,1),(360,'43269-688',29,863,4,9,58,4,4,3,117,117,1),(361,'43269-856',9,593,9,11,42,53,53,1,136,136,1),(362,'43275-110',43,550,11,9,7,66,66,1,171,171,1),(363,'43325-828',5,506,7,9,3,76,76,1,120,120,1),(364,'43353-310',3,111,4,9,8,6,6,3,146,146,1),(365,'43353-688',13,222,15,9,39,16,16,1,109,109,1),(366,'43353-689',14,750,15,9,64,7,7,1,176,176,1),(367,'43353-733',10,272,3,9,2,34,34,2,133,133,1),(368,'43353-857',23,48,3,9,41,46,46,2,100,100,1),(369,'43353-906',40,767,4,9,44,17,17,3,130,130,1),(370,'43419-382',48,321,9,1,61,72,72,1,112,112,1),(371,'43419-702',43,760,1,9,20,39,39,1,157,157,1),(372,'43474-000',17,216,1,9,4,53,53,1,119,119,1),(373,'43478-243',24,820,5,9,5,38,38,5,174,174,1),(374,'43498-102',45,598,11,9,35,38,38,1,104,104,1),(375,'43526-110',45,261,12,9,24,8,8,1,173,173,1),(376,'43538-251',12,632,1,9,6,49,49,1,113,113,1),(377,'43538-950',18,716,14,9,36,16,16,1,130,130,1),(378,'43547-250',7,959,4,9,31,17,17,3,95,95,1),(379,'43742-0008',23,351,4,9,50,67,67,3,169,169,1),(380,'43742-0105',39,948,5,9,16,27,27,5,177,177,1),(381,'43742-0232',38,42,7,9,18,5,5,1,120,120,1),(382,'43742-0488',21,938,7,9,45,17,17,1,117,117,1),(383,'43772-0012',36,701,10,9,15,20,20,2,150,150,1),(384,'43772-0013',11,860,14,9,12,15,15,1,104,104,1),(385,'43846-0040',22,54,11,9,61,13,13,1,100,100,1),(386,'43857-0043',46,623,4,9,40,5,5,3,155,155,1),(387,'43857-0103',39,578,2,9,42,41,41,5,148,148,1),(388,'43857-0198',15,501,12,9,36,8,8,1,102,102,1),(389,'43857-0247',49,223,4,9,63,52,52,3,158,158,1),(390,'43857-0257',39,325,12,9,44,69,69,1,154,154,1),(391,'44087-1112',9,603,13,9,20,27,27,2,100,100,1),(392,'44873-002',38,212,5,9,9,44,44,5,154,154,1),(393,'44924-120',35,420,5,9,60,4,4,5,175,175,1),(394,'45014-151',26,967,16,9,20,74,74,3,123,123,1),(395,'45802-053',3,700,14,9,5,63,63,1,161,161,1),(396,'45802-495',48,204,14,9,41,71,71,1,119,119,1),(397,'45802-918',3,172,14,9,48,17,17,1,110,110,1),(398,'45861-010',13,349,10,9,57,36,36,2,98,98,1),(399,'46672-561',33,796,14,9,44,41,41,1,148,148,1),(400,'46708-114',21,162,2,9,30,78,78,5,112,112,1),(401,'46987-412',9,482,2,9,41,19,19,5,108,108,1),(402,'47124-720',43,654,15,9,29,43,43,1,131,131,1),(403,'47335-083',9,330,7,9,52,78,78,1,151,151,1),(404,'47335-603',28,70,11,9,18,51,51,1,181,181,1),(405,'47593-508',35,912,3,9,32,59,59,2,97,97,1),(406,'47632-0025',5,307,6,9,12,69,69,4,161,161,1),(407,'47682-301',13,280,1,9,10,31,31,1,95,95,1),(408,'47682-409',30,268,14,9,22,30,30,1,153,153,1),(409,'47682-502',15,68,5,9,24,24,24,5,137,137,1),(410,'47682-931',4,727,16,9,10,26,26,3,94,94,1),(411,'48951-1056',48,562,2,9,35,40,40,5,113,113,1),(412,'48951-1064',16,849,9,6,32,50,50,1,162,162,4),(413,'48951-1088',24,377,8,9,14,55,55,1,164,164,1),(414,'48951-2047',12,8,1,9,44,8,8,1,135,135,1),(415,'48951-4019',7,28,14,9,25,22,22,1,137,137,1),(416,'48951-4022',46,723,6,9,2,72,72,4,155,155,1),(417,'48951-4084',36,608,3,9,35,8,8,2,143,143,1),(418,'48951-5045',41,345,8,9,53,25,25,1,165,165,1),(419,'48951-7079',45,323,6,9,30,16,16,4,176,176,1),(420,'48951-7088',50,974,15,9,43,72,72,1,111,111,1),(421,'48951-8042',39,258,2,9,38,66,66,5,142,142,1),(422,'48951-8108',14,515,6,9,8,32,32,4,111,111,1),(423,'49035-724',24,107,13,9,29,59,59,2,130,130,1),(424,'49260-615',25,366,15,9,9,64,64,1,120,120,1),(425,'49288-0025',13,145,9,13,61,39,39,1,169,169,2),(426,'49288-0204',18,828,14,9,38,51,51,1,150,150,1),(427,'49288-0208',29,256,3,9,55,68,68,2,174,174,1),(428,'49288-0292',27,275,6,9,43,14,14,4,111,111,1),(429,'49288-0349',43,885,12,9,16,55,55,1,121,121,1),(430,'49288-0390',43,189,10,9,17,60,60,2,159,159,1),(431,'49288-0614',18,881,9,6,22,75,75,1,112,112,4),(432,'49288-0639',32,872,1,9,1,9,9,1,101,101,1),(433,'49288-0726',44,958,15,9,55,28,28,1,119,119,1),(434,'49288-0786',16,940,14,9,11,23,23,1,130,130,1),(435,'49288-0853',50,1001,8,9,29,170,170,1,180,180,1),(436,'49288-0904',36,947,6,9,38,37,37,4,106,106,1),(437,'49288-0930',20,327,16,9,58,67,67,3,108,108,1),(438,'49348-398',21,641,9,12,5,17,17,1,130,130,1),(439,'49348-498',28,768,3,9,16,22,22,2,122,122,1),(440,'49348-610',39,464,3,9,1,49,49,2,179,179,1),(441,'49348-756',40,342,11,9,11,63,63,1,132,132,1),(442,'49348-854',22,507,13,9,48,50,50,2,136,136,1),(443,'49349-016',8,379,13,9,57,8,8,2,96,96,1),(444,'49349-272',40,743,16,9,33,38,38,3,145,145,1),(445,'49349-365',20,24,1,9,37,3,3,1,156,156,1),(446,'49349-446',33,361,8,9,15,26,26,1,95,95,1),(447,'49349-550',16,944,3,9,14,33,33,2,155,155,1),(448,'49349-647',7,22,11,9,42,48,48,1,134,134,1),(449,'49349-680',11,353,9,1,61,75,75,1,122,122,1),(450,'49349-753',15,271,4,9,8,15,15,3,179,179,1),(451,'49349-757',3,882,2,9,40,7,7,5,167,167,1),(452,'49349-797',28,288,3,9,14,65,65,2,157,157,1),(453,'49349-857',22,442,7,9,48,58,58,1,182,182,1),(454,'49349-967',3,610,2,9,8,70,70,5,130,130,1),(455,'49371-038',27,680,1,9,26,47,47,1,108,108,1),(456,'49483-328',48,554,7,9,63,12,12,1,98,98,1),(457,'49483-330',5,711,16,9,3,59,59,3,118,118,1),(458,'49502-900',5,178,2,9,26,26,26,5,162,162,1),(459,'49580-0344',21,1022,15,9,19,144,144,1,154,154,1),(460,'49643-138',31,437,12,9,42,45,45,1,118,118,1),(461,'49643-319',42,209,9,4,60,44,44,1,110,110,3),(462,'49643-383',23,730,7,9,1,70,70,1,123,123,1),(463,'49643-406',45,549,12,9,44,7,7,1,125,125,1),(464,'49698-100',28,509,10,9,39,34,34,2,98,98,1),(465,'49702-212',24,607,4,9,35,30,30,3,157,157,1),(466,'49726-024',48,1018,7,9,30,114,114,1,125,125,1),(467,'49738-409',42,883,6,9,62,42,42,4,118,118,1),(468,'49738-430',31,737,9,5,22,18,18,1,157,157,5),(469,'49738-478',27,728,1,9,18,5,5,1,126,126,1),(470,'49781-010',5,697,8,9,21,71,71,1,172,172,1),(471,'49781-078',24,880,3,9,54,25,25,2,125,125,1),(472,'49852-014',30,936,1,9,9,45,45,1,153,153,1),(473,'49873-082',48,526,15,9,1,33,33,1,147,147,1),(474,'49884-009',31,827,13,9,13,45,45,2,182,182,1),(475,'49884-461',28,673,9,12,23,65,65,1,106,106,1),(476,'49897-066',18,989,10,9,15,77,77,2,133,133,1),(477,'49922-002',12,955,13,9,19,11,11,2,173,173,1),(478,'49967-279',47,123,13,9,26,28,28,2,123,123,1),(479,'49967-475',38,945,9,1,23,73,73,1,160,160,1),(480,'49967-707',5,745,8,9,13,29,29,1,125,125,1),(481,'49999-169',15,676,5,9,18,56,56,5,126,126,1),(482,'49999-222',46,331,13,9,19,44,44,2,138,138,1),(483,'49999-327',49,630,11,9,22,12,12,1,142,142,1),(484,'49999-347',41,839,16,9,30,29,29,3,98,98,1),(485,'49999-487',1,756,5,9,1,78,78,5,179,179,1),(486,'49999-941',34,45,10,9,18,35,35,2,182,182,1),(487,'50102-120',47,695,16,9,47,51,51,3,99,99,1),(488,'50111-469',8,403,6,9,63,12,12,4,109,109,1),(489,'50136-555',8,664,1,9,36,27,27,1,165,165,1),(490,'50181-0002',31,708,5,9,4,74,74,5,142,142,1),(491,'50228-107',37,662,11,9,52,69,69,1,157,157,1),(492,'50241-141',48,914,2,9,43,71,71,5,167,167,1),(493,'50242-145',23,649,8,9,38,67,67,1,148,148,1),(494,'50268-323',46,738,2,9,18,52,52,5,178,178,1),(495,'50268-615',37,356,5,9,13,29,29,5,181,181,1),(496,'50322-003',39,320,3,9,2,38,38,2,122,122,1),(497,'50322-005',33,15,4,9,53,52,52,3,94,94,1),(498,'50383-269',5,94,15,9,31,46,46,1,167,167,1),(499,'50387-200',40,840,1,9,48,26,26,1,149,149,1),(500,'50390-704',41,35,6,9,8,69,69,4,174,174,1),(501,'50436-0310',10,780,14,9,18,29,29,1,99,99,1),(502,'50436-0873',16,903,16,9,35,46,46,3,115,115,1),(503,'50436-3621',10,606,15,9,10,16,16,1,154,154,1),(504,'50436-9978',49,292,5,9,27,25,25,5,96,96,1),(505,'50458-210',29,267,13,9,36,36,36,2,172,172,1),(506,'50458-401',14,381,10,9,55,26,26,2,98,98,1),(507,'50458-590',49,835,6,9,30,12,12,4,137,137,1),(508,'50563-200',33,293,12,9,12,41,41,1,116,116,1),(509,'50730-1410',38,133,12,9,4,15,15,1,116,116,1),(510,'50730-1512',34,193,9,15,22,56,56,1,162,162,1),(511,'50730-4402',11,176,3,9,20,49,49,2,163,163,1),(512,'50795-2001',34,470,11,9,13,60,60,1,179,179,1),(513,'50988-284',44,709,12,9,6,47,47,1,113,113,1),(514,'51060-018',21,671,4,9,27,76,76,3,145,145,1),(515,'51060-024',20,248,1,9,33,20,20,1,182,182,1),(516,'51079-475',3,815,4,9,10,13,13,3,146,146,1),(517,'51079-667',2,47,4,9,28,27,27,3,162,162,1),(518,'51138-074',50,66,2,9,18,20,20,5,160,160,1),(519,'51201-201',41,461,10,9,7,78,78,2,102,102,1),(520,'51329-1001',36,834,2,9,48,24,24,5,173,173,1),(521,'51346-106',41,105,8,9,23,46,46,1,149,149,1),(522,'51393-7533',35,339,6,9,12,40,40,4,158,158,1),(523,'51417-0001',17,790,11,9,23,39,39,1,147,147,1),(524,'51523-030',11,347,13,9,20,34,34,2,140,140,1),(525,'51531-2822',42,5,12,9,7,50,50,1,104,104,1),(526,'51531-5393',21,138,7,9,46,26,26,1,135,135,1),(527,'51628-3636',28,431,4,9,61,51,51,3,125,125,1),(528,'51628-3737',47,217,8,9,60,30,30,1,176,176,1),(529,'51655-626',47,279,16,9,40,20,20,3,111,111,1),(530,'51660-123',27,613,12,9,23,12,12,1,130,130,1),(531,'51672-1302',3,369,9,1,36,39,39,1,96,96,1),(532,'51672-4035',43,286,15,9,21,55,55,1,105,105,1),(533,'51672-4045',30,127,4,9,49,67,67,3,117,117,1),(534,'51672-4141',35,17,9,6,26,77,77,1,144,144,4),(535,'51693-001',13,120,1,9,62,53,53,1,153,153,1),(536,'51706-510',13,670,15,9,3,48,48,1,122,122,1),(537,'51770-154',31,146,2,9,52,24,24,5,115,115,1),(538,'51808-213',19,612,5,9,16,39,39,5,130,130,1),(539,'51991-320',7,300,14,9,41,70,70,1,169,169,1),(540,'52125-028',22,80,3,9,16,73,73,2,107,107,1),(541,'52125-046',33,201,8,9,15,19,19,1,94,94,1),(542,'52125-144',47,392,1,9,31,1,1,1,172,172,1),(543,'52125-261',14,343,16,9,56,64,64,3,167,167,1),(544,'52125-388',46,864,3,9,36,64,64,2,165,165,1),(545,'52125-433',48,115,6,9,56,40,40,4,99,99,1),(546,'52125-636',16,838,11,9,24,22,22,1,165,165,1),(547,'52125-673',41,652,14,9,60,24,24,1,136,136,1),(548,'52125-680',4,139,13,9,45,50,50,2,116,116,1),(549,'52125-682',41,951,16,9,22,39,39,3,143,143,1),(550,'52125-805',34,646,11,9,18,4,4,1,137,137,1),(551,'52125-905',17,259,6,9,32,53,53,4,168,168,1),(552,'52125-913',5,411,13,9,30,38,38,2,110,110,1),(553,'52174-002',49,596,5,9,39,46,46,5,156,156,1),(554,'52343-005',4,192,3,9,10,28,28,2,139,139,1),(555,'52389-168',40,165,12,9,27,4,4,1,96,96,1),(556,'52544-283',7,898,2,9,22,67,67,5,171,171,1),(557,'52544-967',36,153,8,9,62,50,50,1,112,112,1),(558,'52568-007',38,250,7,9,8,27,27,1,140,140,1),(559,'52605-140',18,667,13,9,28,70,70,2,103,103,1),(560,'52685-322',18,100,5,9,35,18,18,5,111,111,1),(561,'52685-354',11,615,16,9,15,29,29,3,152,152,1),(562,'52685-393',31,396,14,9,58,33,33,1,162,162,1),(563,'52685-446',45,933,12,9,52,17,17,1,128,128,1),(564,'52685-450',5,643,6,9,51,6,6,4,183,183,1),(565,'52685-464',4,805,12,9,43,43,43,1,139,139,1),(566,'52686-310',21,291,6,9,14,13,13,4,100,100,1),(567,'52862-002',48,33,9,5,24,76,76,1,118,118,5),(568,'52891-105',15,908,14,9,24,63,63,1,119,119,1),(569,'52959-182',47,469,12,9,36,51,51,1,112,112,1),(570,'52959-721',40,1021,10,9,60,107,107,2,117,117,1),(571,'52959-757',8,866,2,9,11,70,70,5,181,181,1),(572,'52959-872',7,927,4,9,49,67,67,3,112,112,1),(573,'53045-206',28,262,11,9,49,35,35,1,98,98,1),(574,'53077-2001',8,588,14,9,47,22,22,1,131,131,1),(575,'53208-374',32,924,14,9,12,72,72,1,94,94,1),(576,'53228-002',40,764,14,9,39,78,78,1,117,117,1),(577,'53441-630',6,367,4,9,53,39,39,3,149,149,1),(578,'53489-609',12,715,13,9,47,16,16,2,103,103,1),(579,'53645-1050',35,2,2,9,35,70,70,5,97,97,1),(580,'53645-1321',39,476,14,9,42,57,57,1,102,102,1),(581,'53727-101',21,498,2,9,23,71,71,5,109,109,1),(582,'53746-112',44,850,2,9,24,76,76,5,108,108,1),(583,'53808-0255',35,574,15,9,58,55,55,1,103,103,1),(584,'53808-0338',10,301,10,9,57,51,51,2,182,182,1),(585,'53808-0644',6,566,11,9,59,64,64,1,138,138,1),(586,'53808-0774',33,920,1,9,63,60,60,1,108,108,1),(587,'53808-0850',43,560,3,9,9,69,69,2,108,108,1),(588,'53808-0867',50,557,10,9,6,27,27,2,141,141,1),(589,'53877-001',25,689,9,12,32,34,34,1,181,181,1),(590,'53942-519',11,1000,1,9,7,171,171,1,181,181,1),(591,'54095-111',22,983,16,9,15,35,35,3,163,163,1),(592,'54340-652',33,534,11,9,56,15,15,1,152,152,1),(593,'54458-996',13,584,1,9,42,65,65,1,148,148,1),(594,'54473-137',49,528,3,9,47,52,52,2,112,112,1),(595,'54473-238',43,729,8,9,16,57,57,1,178,178,1),(596,'54482-053',45,32,3,9,50,15,15,2,133,133,1),(597,'54482-301',7,408,1,9,2,18,18,1,100,100,1),(598,'54569-0947',16,283,13,9,52,21,21,2,180,180,1),(599,'54569-0965',31,905,8,9,32,51,51,1,157,157,1),(600,'54569-2900',31,273,9,14,36,15,15,1,145,145,1),(601,'54569-4400',8,435,6,9,6,34,34,4,139,139,1),(602,'54569-4742',50,595,6,9,46,11,11,4,137,137,1),(603,'54575-407',13,175,4,9,39,51,51,3,130,130,1),(604,'54575-465',21,848,3,9,18,16,16,2,143,143,1),(605,'54575-919',43,846,15,9,40,77,77,1,173,173,1),(606,'54859-504',6,341,12,9,20,44,44,1,101,101,1),(607,'54868-0021',34,417,9,1,48,58,58,1,98,98,1),(608,'54868-0063',17,659,6,9,53,24,24,4,133,133,1),(609,'54868-0192',35,132,5,9,15,77,77,5,116,116,1),(610,'54868-2240',16,296,1,9,60,74,74,1,101,101,1),(611,'54868-3115',48,455,16,9,8,13,13,3,152,152,1),(612,'54868-3310',29,78,15,9,17,7,7,1,166,166,1),(613,'54868-3316',19,856,1,9,1,15,15,1,138,138,1),(614,'54868-3399',11,788,5,9,2,13,13,5,122,122,1),(615,'54868-3438',37,155,13,9,52,35,35,2,112,112,1),(616,'54868-3765',44,657,9,12,33,58,58,1,106,106,1),(617,'54868-4021',35,807,16,9,30,29,29,3,135,135,1),(618,'54868-4033',40,937,8,9,55,34,34,1,105,105,1),(619,'54868-4476',34,572,14,9,20,11,11,1,110,110,1),(620,'54868-4585',4,706,2,9,17,12,12,5,173,173,1),(621,'54868-4754',49,322,2,9,1,16,16,5,137,137,1),(622,'54868-4977',16,663,16,9,24,44,44,3,121,121,1),(623,'54868-5041',36,757,12,9,15,33,33,1,129,129,1),(624,'54868-5426',22,571,13,9,35,78,78,2,105,105,1),(625,'54868-5479',21,334,15,9,38,26,26,1,170,170,1),(626,'54868-5570',12,294,11,9,64,63,63,1,169,169,1),(627,'54868-5699',8,46,15,9,7,41,41,1,111,111,1),(628,'54868-5764',5,748,14,9,8,75,75,1,122,122,1),(629,'54868-5927',5,822,11,9,8,21,21,1,113,113,1),(630,'54868-6198',16,891,13,9,15,73,73,2,143,143,1),(631,'54868-6210',46,747,13,9,49,39,39,2,103,103,1),(632,'54868-6220',34,900,5,9,12,13,13,5,159,159,1),(633,'54868-6360',14,263,16,9,31,45,45,3,149,149,1),(634,'54868-6363',37,157,10,9,63,11,11,2,103,103,1),(635,'54868-6387',34,416,3,9,28,20,20,2,180,180,1),(636,'54973-0627',32,575,4,9,45,65,65,3,149,149,1),(637,'54973-2956',12,475,13,9,53,76,76,2,138,138,1),(638,'55045-3207',28,818,2,9,43,43,43,5,174,174,1),(639,'55111-257',29,424,1,9,28,64,64,1,141,141,1),(640,'55111-356',31,454,11,9,24,12,12,1,114,114,1),(641,'55111-397',45,996,5,9,51,12,12,5,107,107,1),(642,'55111-469',41,648,1,9,11,21,21,1,110,110,1),(643,'55111-624',50,310,11,9,48,44,44,1,121,121,1),(644,'55111-626',17,978,2,9,52,30,30,5,120,120,1),(645,'55111-683',9,451,6,9,17,50,50,4,139,139,1),(646,'55138-011',1,359,16,9,46,29,29,3,162,162,1),(647,'55150-112',44,1010,2,9,28,120,120,5,131,131,1),(648,'55154-0667',21,888,1,9,8,59,59,1,117,117,1),(649,'55154-0840',12,691,6,9,63,51,51,4,128,128,1),(650,'55154-1394',23,621,10,9,20,51,51,2,157,157,1),(651,'55154-1409',7,227,6,9,49,34,34,4,96,96,1),(652,'55154-1489',13,340,5,9,59,55,55,5,146,146,1),(653,'55154-1815',46,1015,16,9,56,163,163,3,173,173,1),(654,'55154-2069',6,492,14,9,44,34,34,1,144,144,1),(655,'55154-3479',41,546,2,9,1,60,60,5,102,102,1),(656,'55154-4350',16,986,7,9,22,43,43,1,98,98,1),(657,'55154-4736',41,580,5,9,15,37,37,5,112,112,1),(658,'55154-5844',46,422,11,9,12,66,66,1,149,149,1),(659,'55154-6127',28,355,6,9,47,18,18,4,122,122,1),(660,'55154-6923',23,225,9,3,18,37,37,1,141,141,2),(661,'55154-6999',7,965,12,9,38,67,67,1,166,166,1),(662,'55154-8606',25,499,6,9,32,43,43,4,179,179,1),(663,'55154-9419',34,994,2,9,19,50,50,5,143,143,1),(664,'55239-002',3,681,8,9,34,22,22,1,97,97,1),(665,'55249-1001',22,468,5,9,48,9,9,5,172,172,1),(666,'55289-086',42,436,5,9,30,43,43,5,100,100,1),(667,'55289-094',24,518,11,9,20,57,57,1,149,149,1),(668,'55289-385',43,385,9,1,16,52,52,1,161,161,1),(669,'55289-582',14,1024,3,9,44,95,95,2,105,105,1),(670,'55289-607',45,781,10,9,7,18,18,2,109,109,1),(671,'55289-773',38,594,2,9,6,71,71,5,156,156,1),(672,'55289-814',43,116,5,9,7,71,71,5,104,104,1),(673,'55289-945',10,326,11,9,30,75,75,1,102,102,1),(674,'55312-214',16,167,16,9,20,45,45,3,147,147,1),(675,'55312-751',12,960,3,9,15,50,50,2,163,163,1),(676,'55315-524',27,103,16,9,24,60,60,3,175,175,1),(677,'55315-550',38,180,5,9,16,8,8,5,156,156,1),(678,'55316-094',46,108,14,9,44,42,42,1,176,176,1),(679,'55316-274',33,119,16,9,7,25,25,3,172,172,1),(680,'55319-154',38,350,15,9,30,53,53,1,125,125,1),(681,'55513-530',29,783,4,9,54,53,53,3,142,142,1),(682,'55648-702',32,10,7,9,46,60,60,1,106,106,1),(683,'55648-713',50,854,11,9,60,67,67,1,116,116,1),(684,'55700-004',47,373,12,9,38,31,31,1,160,160,1),(685,'55700-016',30,91,13,9,9,51,51,2,163,163,1),(686,'55714-4438',36,488,1,9,24,32,32,1,116,116,1),(687,'55714-4549',48,806,11,9,1,10,10,1,129,129,1),(688,'55758-009',26,502,11,9,24,38,38,1,126,126,1),(689,'55910-034',32,446,15,9,58,46,46,1,148,148,1),(690,'55910-156',20,512,3,9,45,68,68,2,169,169,1),(691,'55910-162',35,23,16,9,43,53,53,3,156,156,1),(692,'55910-190',27,409,8,9,32,52,52,1,174,174,1),(693,'55910-458',45,597,12,9,34,63,63,1,129,129,1),(694,'55910-519',14,395,13,9,55,11,11,2,157,157,1),(695,'55910-897',10,565,12,9,51,59,59,1,106,106,1),(696,'56062-074',3,277,12,9,12,60,60,1,176,176,1),(697,'56062-194',35,932,5,9,55,12,12,5,159,159,1),(698,'56062-571',40,50,2,9,19,11,11,5,173,173,1),(699,'56062-977',5,784,3,9,26,27,27,2,123,123,1),(700,'57237-066',14,911,4,9,30,54,54,3,96,96,1),(701,'57319-343',44,826,7,9,59,68,68,1,165,165,1),(702,'57520-0038',50,426,7,9,62,32,32,1,137,137,1),(703,'57520-0067',50,889,8,9,58,75,75,1,144,144,1),(704,'57520-0100',10,943,4,9,6,40,40,3,105,105,1),(705,'57520-0161',15,762,7,9,15,42,42,1,180,180,1),(706,'57520-0290',50,718,15,9,20,26,26,1,176,176,1),(707,'57520-0415',23,219,13,9,48,39,39,2,126,126,1),(708,'57520-0949',38,397,10,9,56,70,70,2,150,150,1),(709,'57520-0958',28,636,14,9,11,12,12,1,120,120,1),(710,'57520-1049',38,821,12,9,16,17,17,1,157,157,1),(711,'57664-118',41,20,5,9,35,46,46,5,149,149,1),(712,'57691-098',31,252,14,9,28,73,73,1,165,165,1),(713,'57707-050',13,337,9,1,27,9,9,1,105,105,1),(714,'57844-323',13,370,2,9,47,14,14,5,150,150,1),(715,'57881-331',39,858,7,9,36,38,38,1,140,140,1),(716,'57894-030',48,749,10,9,50,49,49,2,175,175,1),(717,'57910-402',13,3,6,9,60,36,36,4,99,99,1),(718,'57915-004',4,980,5,9,9,11,11,5,175,175,1),(719,'57955-1271',18,651,13,9,20,16,16,2,154,154,1),(720,'57955-1903',13,817,9,6,24,26,26,1,166,166,4),(721,'58118-0304',5,232,1,9,35,57,57,1,134,134,1),(722,'58118-0345',1,755,6,9,8,69,69,4,117,117,1),(723,'58118-0351',27,798,15,9,61,20,20,1,103,103,1),(724,'58118-1516',38,969,8,9,28,35,35,1,118,118,1),(725,'58118-7169',4,64,3,9,51,73,73,2,146,146,1),(726,'58232-0050',33,391,16,9,61,53,53,3,183,183,1),(727,'58232-0205',7,387,6,9,15,7,7,4,138,138,1),(728,'58232-0316',42,650,7,9,64,55,55,1,141,141,1),(729,'58407-025',8,86,11,9,46,55,55,1,177,177,1),(730,'58407-091',4,705,9,12,42,3,3,1,181,181,1),(731,'58407-624',5,1006,15,9,6,146,146,1,156,156,1),(732,'58407-920',44,861,10,9,22,25,25,2,161,161,1),(733,'58411-141',1,315,13,9,44,4,4,2,133,133,1),(734,'58411-223',23,873,8,9,62,76,76,1,173,173,1),(735,'58503-045',30,677,12,9,63,17,17,1,140,140,1),(736,'58668-0771',8,135,16,9,37,55,55,3,173,173,1),(737,'58668-1351',11,110,15,9,48,33,33,1,170,170,1),(738,'58668-2531',46,972,14,9,24,18,18,1,151,151,1),(739,'58668-2831',39,589,10,9,13,15,15,2,141,141,1),(740,'58930-046',49,290,2,9,35,46,46,5,136,136,1),(741,'59088-114',28,84,5,9,46,46,46,5,110,110,1),(742,'59158-723',45,233,8,9,18,58,58,1,103,103,1),(743,'59194-001',26,997,12,9,38,69,69,1,139,139,1),(744,'59535-1001',37,508,14,9,55,78,78,1,154,154,1),(745,'59535-1091',1,378,7,9,43,52,52,1,151,151,1),(746,'59572-501',41,169,8,9,59,19,19,1,96,96,1),(747,'59640-025',40,93,10,9,8,2,2,2,159,159,1),(748,'59640-072',8,382,15,9,3,56,56,1,104,104,1),(749,'59667-0091',41,363,13,9,32,36,36,2,115,115,1),(750,'59735-306',29,987,13,9,52,20,20,2,132,132,1),(751,'59746-233',50,218,7,9,29,74,74,1,126,126,1),(752,'59762-0250',23,419,6,9,18,52,52,4,126,126,1),(753,'59762-2340',35,199,16,9,5,36,36,3,179,179,1),(754,'59762-5023',47,552,1,9,33,65,65,1,179,179,1),(755,'59779-046',15,405,12,9,45,76,76,1,174,174,1),(756,'59779-068',12,725,12,9,54,52,52,1,176,176,1),(757,'59779-380',27,421,12,9,31,63,63,1,118,118,1),(758,'59779-589',40,952,1,9,6,78,78,1,109,109,1),(759,'59779-673',3,57,8,9,53,54,54,1,139,139,1),(760,'59886-339',31,1008,3,9,34,140,140,2,150,150,1),(761,'60344-1001',36,37,12,9,3,12,12,1,121,121,1),(762,'60429-071',19,205,10,9,30,27,27,2,153,153,1),(763,'60429-186',27,921,8,9,25,73,73,1,164,164,1),(764,'60429-272',45,62,15,9,59,34,34,1,172,172,1),(765,'60429-359',30,679,16,9,45,6,6,3,132,132,1),(766,'60429-525',4,892,14,9,16,12,12,1,180,180,1),(767,'60429-582',28,758,11,9,37,37,37,1,148,148,1),(768,'60429-788',50,88,1,9,47,37,37,1,151,151,1),(769,'60505-2533',50,251,13,9,11,60,60,2,116,116,1),(770,'60505-2663',2,622,15,9,43,10,10,1,153,153,1),(771,'60505-2671',43,637,10,9,23,64,64,2,135,135,1),(772,'60505-2795',40,471,16,9,64,3,3,3,179,179,1),(773,'60505-6081',13,496,3,9,49,15,15,2,156,156,1),(774,'60512-1003',49,16,3,9,31,41,41,2,113,113,1),(775,'60512-6011',28,368,3,9,52,58,58,2,139,139,1),(776,'60512-6188',49,752,3,9,64,65,65,2,137,137,1),(777,'60512-6650',39,884,5,9,26,17,17,5,105,105,1),(778,'60512-6997',28,109,10,9,30,75,75,2,130,130,1),(779,'60512-9077',19,971,13,9,30,43,43,2,125,125,1),(780,'60691-124',6,354,2,9,19,63,63,5,108,108,1),(781,'60760-900',46,833,9,6,55,22,22,1,168,168,4),(782,'60760-976',45,975,4,9,18,74,74,3,157,157,1),(783,'60793-411',14,804,5,9,36,78,78,5,99,99,1),(784,'60793-800',42,152,1,9,3,54,54,1,95,95,1),(785,'60846-801',26,465,9,11,63,47,47,1,115,115,1),(786,'61047-817',34,229,12,9,8,48,48,1,176,176,1),(787,'61269-210',33,842,7,9,17,30,30,1,170,170,1),(788,'61380-277',45,444,14,9,9,18,18,1,143,143,1),(789,'61570-045',35,73,8,9,63,67,67,1,138,138,1),(790,'61589-6017',17,124,14,9,63,67,67,1,128,128,1),(791,'61601-1135',33,158,15,9,7,59,59,1,102,102,1),(792,'61715-033',49,674,2,9,4,35,35,5,110,110,1),(793,'61715-078',4,466,2,9,23,31,31,5,146,146,1),(794,'61722-168',37,977,9,1,12,18,18,1,155,155,1),(795,'61734-012',28,853,12,9,44,57,57,1,147,147,1),(796,'61919-825',17,441,8,9,36,16,16,1,116,116,1),(797,'61919-867',4,529,9,11,54,65,65,1,161,161,1),(798,'61957-0602',44,19,6,9,32,21,21,4,101,101,1),(799,'61957-1071',46,440,1,9,51,28,28,1,159,159,1),(800,'61957-1112',27,590,15,9,61,18,18,1,96,96,1),(801,'61957-1202',20,374,11,9,31,3,3,1,160,160,1),(802,'61995-0201',10,452,5,9,53,69,69,5,125,125,1),(803,'62007-028',25,371,6,9,63,26,26,4,155,155,1),(804,'62211-335',37,778,7,9,43,3,3,1,181,181,1),(805,'62257-369',19,741,12,9,62,58,58,1,137,137,1),(806,'62296-0026',7,485,12,9,46,71,71,1,116,116,1),(807,'62584-142',46,847,4,9,19,69,69,3,113,113,1),(808,'62584-143',31,658,2,9,26,70,70,5,103,103,1),(809,'62654-230',13,719,4,9,64,45,45,3,131,131,1),(810,'62670-4806',23,357,12,9,38,30,30,1,122,122,1),(811,'62713-921',46,837,12,9,60,16,16,1,176,176,1),(812,'62802-650',34,208,3,9,18,22,22,2,105,105,1),(813,'63029-700',43,895,4,9,54,19,19,3,132,132,1),(814,'63146-102',24,740,5,9,37,33,33,5,96,96,1),(815,'63146-105',24,540,14,9,43,35,35,1,107,107,1),(816,'63162-508',18,230,11,9,59,59,59,1,126,126,1),(817,'63187-041',47,129,9,7,15,34,34,1,113,113,1),(818,'63187-098',22,926,15,9,11,22,22,1,160,160,1),(819,'63187-139',44,573,10,9,12,49,49,2,106,106,1),(820,'63304-497',50,542,15,9,41,37,37,1,151,151,1),(821,'63323-377',28,875,13,9,29,13,13,2,145,145,1),(822,'63323-382',15,159,4,9,44,47,47,3,140,140,1),(823,'63323-506',6,601,8,9,23,6,6,1,112,112,1),(824,'63347-520',29,483,6,9,45,54,54,4,175,175,1),(825,'63354-003',34,311,16,9,31,38,38,3,116,116,1),(826,'63354-941',37,893,10,9,41,27,27,2,136,136,1),(827,'63459-548',4,660,5,9,12,25,25,5,151,151,1),(828,'63505-156',20,362,7,9,53,69,69,1,101,101,1),(829,'63517-323',36,184,1,9,3,59,59,1,112,112,1),(830,'63539-5195',50,772,5,9,58,45,45,5,141,141,1),(831,'63629-1485',19,489,8,9,12,63,63,1,159,159,1),(832,'63629-3211',40,458,7,9,4,53,53,1,182,182,1),(833,'63629-3312',20,25,8,9,58,57,57,1,157,157,1),(834,'63629-3772',18,30,15,9,21,71,71,1,111,111,1),(835,'63629-3981',26,360,1,9,32,60,60,1,158,158,1),(836,'63629-4060',1,456,1,9,17,54,54,1,113,113,1),(837,'63629-4549',19,935,16,9,63,8,8,3,128,128,1),(838,'63629-4664',20,240,3,9,34,19,19,2,112,112,1),(839,'63629-4695',18,966,11,9,54,38,38,1,111,111,1),(840,'63739-437',15,979,6,9,57,9,9,4,159,159,1),(841,'63739-482',15,1009,9,14,12,148,148,1,158,158,1),(842,'63739-529',25,699,13,9,10,46,46,2,179,179,1),(843,'63777-165',28,761,8,9,57,77,77,1,153,153,1),(844,'63783-015',27,31,4,9,51,63,63,3,135,135,1),(845,'63868-047',2,582,11,9,13,32,32,1,128,128,1),(846,'63868-106',50,543,4,9,36,50,50,3,143,143,1),(847,'63868-156',22,202,7,9,45,35,35,1,113,113,1),(848,'63868-787',44,128,3,9,61,16,16,2,130,130,1),(849,'63940-224',36,1004,14,9,28,98,98,1,108,108,1),(850,'63941-052',24,605,10,9,47,56,56,2,103,103,1),(851,'63941-407',1,386,2,9,16,58,58,5,176,176,1),(852,'63981-544',4,770,2,9,32,10,10,5,161,161,1),(853,'63981-560',11,753,9,2,54,41,41,1,122,122,5),(854,'64038-630',18,639,4,9,10,51,51,3,166,166,1),(855,'64092-820',29,992,3,9,40,44,44,2,98,98,1),(856,'64117-112',9,635,13,9,7,18,18,2,150,150,1),(857,'64117-176',38,968,1,9,59,59,59,1,183,183,1),(858,'64117-263',14,517,12,9,42,20,20,1,95,95,1),(859,'64117-980',22,328,1,9,4,44,44,1,139,139,1),(860,'64205-212',38,200,1,9,18,44,44,1,125,125,1),(861,'64376-438',24,287,4,9,63,23,23,3,156,156,1),(862,'64376-656',39,29,10,9,36,7,7,2,139,139,1),(863,'64477-001',36,161,9,14,27,31,31,1,152,152,1),(864,'64525-0560',32,724,5,9,55,51,51,5,130,130,1),(865,'64545-0001',24,81,9,16,27,76,76,1,97,97,3),(866,'64578-0056',24,771,6,9,27,77,77,4,165,165,1),(867,'64679-155',36,870,11,9,12,27,27,1,164,164,1),(868,'64679-661',45,925,10,9,6,28,28,2,151,151,1),(869,'64679-924',27,75,13,9,63,51,51,2,153,153,1),(870,'64679-925',41,215,16,9,49,35,35,3,165,165,1),(871,'64679-973',27,447,4,9,25,23,23,3,133,133,1),(872,'64720-135',19,97,9,1,8,49,49,1,129,129,1),(873,'64720-328',37,742,11,9,34,24,24,1,105,105,1),(874,'64725-0083',42,211,6,9,15,39,39,4,179,179,1),(875,'64725-0169',7,544,3,9,59,43,43,2,121,121,1),(876,'64725-0323',19,493,10,9,16,14,14,2,107,107,1),(877,'64725-3925',46,164,5,9,18,50,50,5,135,135,1),(878,'64764-550',9,443,13,9,49,29,29,2,156,156,1),(879,'64778-0236',49,226,2,9,57,54,54,5,116,116,1),(880,'64942-1035',49,112,3,9,12,31,31,2,145,145,1),(881,'64942-1283',41,867,6,9,51,19,19,4,162,162,1),(882,'65044-1631',18,265,8,9,8,63,63,1,162,162,1),(883,'65044-2633',26,52,5,9,13,14,14,5,115,115,1),(884,'65044-3549',50,897,9,6,4,43,43,1,173,173,4),(885,'65044-3714',14,77,10,9,23,69,69,2,175,175,1),(886,'65044-5113',35,156,14,9,30,41,41,1,98,98,1),(887,'65342-2320',27,851,6,9,44,2,2,4,155,155,1),(888,'65342-7001',47,404,5,9,40,33,33,5,166,166,1),(889,'65517-0027',25,203,13,9,35,57,57,2,171,171,1),(890,'65517-2021',22,602,7,9,21,14,14,1,95,95,1),(891,'65601-751',11,887,16,9,43,39,39,3,94,94,1),(892,'65691-0107',13,656,3,9,8,28,28,2,116,116,1),(893,'65785-162',13,439,16,9,33,34,34,3,112,112,1),(894,'65841-051',4,462,15,9,41,4,4,1,162,162,1),(895,'65841-099',2,83,6,9,22,33,33,4,121,121,1),(896,'65841-602',1,957,10,9,10,15,15,2,119,119,1),(897,'65841-662',20,786,2,9,2,2,2,5,98,98,1),(898,'65841-705',9,721,9,5,31,38,38,1,148,148,5),(899,'65841-751',27,916,5,9,10,27,27,5,100,100,1),(900,'65841-799',26,963,6,9,36,69,69,4,110,110,1),(901,'65841-802',41,65,9,11,12,74,74,1,99,99,1),(902,'65857-200',11,274,2,9,35,39,39,5,183,183,1),(903,'65862-058',44,238,15,9,46,68,68,1,168,168,1),(904,'65862-310',45,1016,1,9,40,159,159,1,169,169,1),(905,'65912-110',35,531,6,9,45,27,27,4,121,121,1),(906,'65923-108',50,547,6,9,48,56,56,4,180,180,1),(907,'65923-139',8,191,4,9,19,9,9,3,130,130,1),(908,'65954-008',39,577,9,11,46,72,72,1,178,178,1),(909,'66129-121',28,998,11,9,40,28,28,1,123,123,1),(910,'66184-150',15,187,13,9,1,16,16,2,105,105,1),(911,'66184-420',21,568,1,9,4,65,65,1,174,174,1),(912,'66336-635',50,732,14,9,58,35,35,1,166,166,1),(913,'66435-101',21,266,7,9,32,77,77,1,116,116,1),(914,'66513-220',35,559,4,9,61,24,24,3,169,169,1),(915,'66530-249',49,174,15,9,9,22,22,1,99,99,1),(916,'66582-320',22,942,15,9,24,19,19,1,113,113,1),(917,'66761-315',40,640,3,9,16,53,53,2,164,164,1),(918,'66761-341',29,253,10,9,13,33,33,2,153,153,1),(919,'66993-887',9,87,16,9,34,4,4,3,119,119,1),(920,'66993-960',29,812,14,9,16,46,46,1,132,132,1),(921,'67046-919',32,934,11,9,8,77,77,1,128,128,1),(922,'67172-018',27,289,9,14,41,42,42,1,153,153,1),(923,'67172-111',21,810,7,9,41,77,77,1,102,102,1),(924,'67253-011',16,843,13,9,32,55,55,2,97,97,1),(925,'67296-0642',5,587,13,9,57,37,37,2,109,109,1),(926,'67365-001',9,117,12,9,38,10,10,1,131,131,1),(927,'67425-007',13,779,13,9,27,78,78,2,101,101,1),(928,'67457-449',33,140,14,9,40,41,41,1,115,115,1),(929,'67544-117',4,151,16,9,63,17,17,3,179,179,1),(930,'67544-194',38,769,9,2,36,16,16,1,115,115,5),(931,'67544-408',47,901,12,9,31,57,57,1,111,111,1),(932,'67544-511',5,795,13,9,31,69,69,2,106,106,1),(933,'67544-892',18,511,4,9,58,12,12,3,165,165,1),(934,'67544-911',42,479,4,9,16,40,40,3,147,147,1),(935,'67692-000',20,754,2,9,35,59,59,5,175,175,1),(936,'67692-072',38,457,8,9,19,64,64,1,183,183,1),(937,'67938-0828',36,495,4,9,50,76,76,3,131,131,1),(938,'67938-0907',41,400,3,9,2,50,50,2,165,165,1),(939,'67938-0938',47,398,15,9,29,15,15,1,169,169,1),(940,'67938-2010',35,941,10,9,20,77,77,2,158,158,1),(941,'68001-138',7,907,13,9,1,51,51,2,173,173,1),(942,'68001-150',19,970,7,9,58,20,20,1,107,107,1),(943,'68001-242',7,541,10,9,16,43,43,2,127,127,1),(944,'68007-200',39,11,13,9,62,14,14,2,158,158,1),(945,'68007-201',47,333,10,9,45,21,21,2,127,127,1),(946,'68016-013',15,318,15,9,15,2,2,1,132,132,1),(947,'68016-106',17,982,11,9,1,7,7,1,169,169,1),(948,'68084-259',27,829,10,9,26,37,37,2,177,177,1),(949,'68084-267',44,797,10,9,43,17,17,2,170,170,1),(950,'68084-342',32,412,14,9,32,13,13,1,178,178,1),(951,'68084-411',42,962,2,9,20,55,55,5,122,122,1),(952,'68084-629',32,731,13,9,54,64,64,2,180,180,1),(953,'68084-692',17,40,1,9,39,58,58,1,162,162,1),(954,'68084-754',28,538,7,9,43,52,52,1,98,98,1),(955,'68088-515',25,906,7,9,29,18,18,1,167,167,1),(956,'68094-316',4,427,13,9,1,73,73,2,163,163,1),(957,'68151-1174',44,579,6,9,11,30,30,4,100,100,1),(958,'68151-3110',5,956,14,9,26,26,26,1,154,154,1),(959,'68180-101',28,698,7,9,17,23,23,1,170,170,1),(960,'68180-296',3,453,12,9,29,54,54,1,102,102,1),(961,'68180-760',43,859,13,9,55,10,10,2,96,96,1),(962,'68196-291',9,634,7,9,51,58,58,1,179,179,1),(963,'68327-006',40,855,16,9,3,39,39,3,173,173,1),(964,'68327-031',29,1005,10,9,6,157,157,2,167,167,1),(965,'68382-042',6,99,6,9,37,35,35,4,111,111,1),(966,'68382-139',43,384,3,9,44,55,55,2,100,100,1),(967,'68382-163',47,236,14,9,24,77,77,1,141,141,1),(968,'68382-271',37,168,1,9,55,32,32,1,164,164,1),(969,'68387-410',43,141,10,9,50,55,55,2,175,175,1),(970,'68391-067',47,618,7,9,48,50,50,1,171,171,1),(971,'68391-121',5,570,7,9,52,75,75,1,140,140,1),(972,'68400-316',47,736,3,9,55,74,74,2,162,162,1),(973,'68400-707',10,352,3,9,26,27,27,2,99,99,1),(974,'68428-136',30,510,15,9,20,20,20,1,171,171,1),(975,'68428-739',49,131,6,9,39,24,24,4,107,107,1),(976,'68472-079',1,631,16,9,40,3,3,3,162,162,1),(977,'68479-101',8,918,11,9,61,5,5,1,154,154,1),(978,'68599-6110',42,60,14,9,30,15,15,1,164,164,1),(979,'68645-020',49,67,6,9,47,63,63,4,109,109,1),(980,'68645-131',49,800,3,9,43,49,49,2,145,145,1),(981,'68647-172',49,134,11,9,53,47,47,1,165,165,1),(982,'68726-167',24,497,9,11,9,76,76,1,151,151,1),(983,'68747-6030',3,6,11,9,18,29,29,1,157,157,1),(984,'68747-6032',16,481,9,11,21,17,17,1,160,160,1),(985,'68782-001',47,844,14,9,48,54,54,1,175,175,1),(986,'68788-0600',10,1014,11,9,62,159,159,1,169,169,1),(987,'68788-1738',1,246,11,9,27,45,45,1,117,117,1),(988,'68788-9392',48,376,1,9,18,26,26,1,128,128,1),(989,'68788-9500',8,642,2,9,37,13,13,5,183,183,1),(990,'68788-9536',40,871,16,9,7,33,33,3,161,161,1),(991,'68788-9764',21,545,9,11,9,44,44,1,169,169,1),(992,'68788-9822',10,553,8,9,14,63,63,1,165,165,1),(993,'68828-115',37,104,1,9,26,49,49,1,152,152,1),(994,'68987-006',14,995,6,9,23,28,28,4,154,154,1),(995,'68987-007',20,61,10,9,12,44,44,2,125,125,1),(996,'68994-3001',19,831,4,9,14,75,75,3,179,179,1),(997,'69039-102',14,625,9,12,5,76,76,1,173,173,1),(998,'69154-040',17,406,11,9,58,49,49,1,151,151,1),(999,'69199-010',32,617,8,9,9,31,31,1,173,173,1),(1000,'75862-004',18,816,3,9,29,22,22,2,136,136,1),(1001,'75887-003',18,179,6,9,32,7,7,4,169,169,1),(1002,'75921-459',32,95,4,9,44,55,55,3,95,95,1),(1003,'76000-370',5,317,10,9,36,40,40,2,180,180,1),(1004,'76045-003',28,734,15,9,6,69,69,1,182,182,1),(1005,'76049-002',1,1013,12,9,27,154,154,1,164,164,1),(1006,'76126-101',34,269,10,9,25,77,77,2,130,130,1),(1007,'76138-102',44,51,6,9,55,17,17,4,168,168,1),(1008,'76237-106',16,142,15,9,10,31,31,1,142,142,1),(1009,'76237-237',24,44,14,9,7,43,43,1,99,99,1),(1010,'76299-422',30,207,4,9,16,21,21,3,120,120,1),(1011,'76329-3301',36,239,4,9,57,57,57,3,163,163,1),(1012,'76340-5001',15,410,7,9,19,13,13,1,175,175,1),(1013,'76431-120',20,841,8,9,6,60,60,1,107,107,1),(1014,'76439-208',23,973,10,9,24,47,47,2,125,125,1),(1015,'76439-242',28,530,2,9,62,58,58,5,183,183,1),(1016,'76472-1126',8,148,5,9,39,36,36,5,153,153,1),(1017,'76472-1135',26,899,6,9,23,23,23,4,153,153,1),(1018,'76472-1152',10,616,1,9,43,1,1,1,147,147,1),(1019,'76478-479',6,375,16,9,7,57,57,3,162,162,1),(1020,'76485-1009',45,113,9,8,45,21,21,1,115,115,1),(1021,'76485-1018',13,569,8,9,43,25,25,1,118,118,1),(1022,'98132-172',39,523,13,9,16,64,64,2,171,171,1);
/*!40000 ALTER TABLE `shipment_fact` ENABLE KEYS */;
UNLOCK TABLES;

--
-- Table structure for table `time_dimension`
--

DROP TABLE IF EXISTS `time_dimension`;
/*!40101 SET @saved_cs_client     = @@character_set_client */;
/*!50503 SET character_set_client = utf8mb4 */;
CREATE TABLE `time_dimension` (
  `Time_Key` int NOT NULL AUTO_INCREMENT,
  `Minute` int NOT NULL,
  `Hour` int NOT NULL,
  PRIMARY KEY (`Time_Key`)
) ENGINE=InnoDB AUTO_INCREMENT=1441 DEFAULT CHARSET=utf8;
/*!40101 SET character_set_client = @saved_cs_client */;

--
-- Dumping data for table `time_dimension`
--

LOCK TABLES `time_dimension` WRITE;
/*!40000 ALTER TABLE `time_dimension` DISABLE KEYS */;
INSERT INTO `time_dimension` VALUES (1,1,1),(2,2,1),(3,3,1),(4,4,1),(5,5,1),(6,6,1),(7,7,1),(8,8,1),(9,9,1),(10,10,1),(11,11,1),(12,12,1),(13,13,1),(14,14,1),(15,15,1),(16,16,1),(17,17,1),(18,18,1),(19,19,1),(20,20,1),(21,21,1),(22,22,1),(23,23,1),(24,24,1),(25,25,1),(26,26,1),(27,27,1),(28,28,1),(29,29,1),(30,30,1),(31,31,1),(32,32,1),(33,33,1),(34,34,1),(35,35,1),(36,36,1),(37,37,1),(38,38,1),(39,39,1),(40,40,1),(41,41,1),(42,42,1),(43,43,1),(44,44,1),(45,45,1),(46,46,1),(47,47,1),(48,48,1),(49,49,1),(50,50,1),(51,51,1),(52,52,1),(53,53,1),(54,54,1),(55,55,1),(56,56,1),(57,57,1),(58,58,1),(59,59,1),(60,60,1),(61,1,2),(62,2,2),(63,3,2),(64,4,2),(65,5,2),(66,6,2),(67,7,2),(68,8,2),(69,9,2),(70,10,2),(71,11,2),(72,12,2),(73,13,2),(74,14,2),(75,15,2),(76,16,2),(77,17,2),(78,18,2),(79,19,2),(80,20,2),(81,21,2),(82,22,2),(83,23,2),(84,24,2),(85,25,2),(86,26,2),(87,27,2),(88,28,2),(89,29,2),(90,30,2),(91,31,2),(92,32,2),(93,33,2),(94,34,2),(95,35,2),(96,36,2),(97,37,2),(98,38,2),(99,39,2),(100,40,2),(101,41,2),(102,42,2),(103,43,2),(104,44,2),(105,45,2),(106,46,2),(107,47,2),(108,48,2),(109,49,2),(110,50,2),(111,51,2),(112,52,2),(113,53,2),(114,54,2),(115,55,2),(116,56,2),(117,57,2),(118,58,2),(119,59,2),(120,60,2),(121,1,3),(122,2,3),(123,3,3),(124,4,3),(125,5,3),(126,6,3),(127,7,3),(128,8,3),(129,9,3),(130,10,3),(131,11,3),(132,12,3),(133,13,3),(134,14,3),(135,15,3),(136,16,3),(137,17,3),(138,18,3),(139,19,3),(140,20,3),(141,21,3),(142,22,3),(143,23,3),(144,24,3),(145,25,3),(146,26,3),(147,27,3),(148,28,3),(149,29,3),(150,30,3),(151,31,3),(152,32,3),(153,33,3),(154,34,3),(155,35,3),(156,36,3),(157,37,3),(158,38,3),(159,39,3),(160,40,3),(161,41,3),(162,42,3),(163,43,3),(164,44,3),(165,45,3),(166,46,3),(167,47,3),(168,48,3),(169,49,3),(170,50,3),(171,51,3),(172,52,3),(173,53,3),(174,54,3),(175,55,3),(176,56,3),(177,57,3),(178,58,3),(179,59,3),(180,60,3),(181,1,4),(182,2,4),(183,3,4),(184,4,4),(185,5,4),(186,6,4),(187,7,4),(188,8,4),(189,9,4),(190,10,4),(191,11,4),(192,12,4),(193,13,4),(194,14,4),(195,15,4),(196,16,4),(197,17,4),(198,18,4),(199,19,4),(200,20,4),(201,21,4),(202,22,4),(203,23,4),(204,24,4),(205,25,4),(206,26,4),(207,27,4),(208,28,4),(209,29,4),(210,30,4),(211,31,4),(212,32,4),(213,33,4),(214,34,4),(215,35,4),(216,36,4),(217,37,4),(218,38,4),(219,39,4),(220,40,4),(221,41,4),(222,42,4),(223,43,4),(224,44,4),(225,45,4),(226,46,4),(227,47,4),(228,48,4),(229,49,4),(230,50,4),(231,51,4),(232,52,4),(233,53,4),(234,54,4),(235,55,4),(236,56,4),(237,57,4),(238,58,4),(239,59,4),(240,60,4),(241,1,5),(242,2,5),(243,3,5),(244,4,5),(245,5,5),(246,6,5),(247,7,5),(248,8,5),(249,9,5),(250,10,5),(251,11,5),(252,12,5),(253,13,5),(254,14,5),(255,15,5),(256,16,5),(257,17,5),(258,18,5),(259,19,5),(260,20,5),(261,21,5),(262,22,5),(263,23,5),(264,24,5),(265,25,5),(266,26,5),(267,27,5),(268,28,5),(269,29,5),(270,30,5),(271,31,5),(272,32,5),(273,33,5),(274,34,5),(275,35,5),(276,36,5),(277,37,5),(278,38,5),(279,39,5),(280,40,5),(281,41,5),(282,42,5),(283,43,5),(284,44,5),(285,45,5),(286,46,5),(287,47,5),(288,48,5),(289,49,5),(290,50,5),(291,51,5),(292,52,5),(293,53,5),(294,54,5),(295,55,5),(296,56,5),(297,57,5),(298,58,5),(299,59,5),(300,60,5),(301,1,6),(302,2,6),(303,3,6),(304,4,6),(305,5,6),(306,6,6),(307,7,6),(308,8,6),(309,9,6),(310,10,6),(311,11,6),(312,12,6),(313,13,6),(314,14,6),(315,15,6),(316,16,6),(317,17,6),(318,18,6),(319,19,6),(320,20,6),(321,21,6),(322,22,6),(323,23,6),(324,24,6),(325,25,6),(326,26,6),(327,27,6),(328,28,6),(329,29,6),(330,30,6),(331,31,6),(332,32,6),(333,33,6),(334,34,6),(335,35,6),(336,36,6),(337,37,6),(338,38,6),(339,39,6),(340,40,6),(341,41,6),(342,42,6),(343,43,6),(344,44,6),(345,45,6),(346,46,6),(347,47,6),(348,48,6),(349,49,6),(350,50,6),(351,51,6),(352,52,6),(353,53,6),(354,54,6),(355,55,6),(356,56,6),(357,57,6),(358,58,6),(359,59,6),(360,60,6),(361,1,7),(362,2,7),(363,3,7),(364,4,7),(365,5,7),(366,6,7),(367,7,7),(368,8,7),(369,9,7),(370,10,7),(371,11,7),(372,12,7),(373,13,7),(374,14,7),(375,15,7),(376,16,7),(377,17,7),(378,18,7),(379,19,7),(380,20,7),(381,21,7),(382,22,7),(383,23,7),(384,24,7),(385,25,7),(386,26,7),(387,27,7),(388,28,7),(389,29,7),(390,30,7),(391,31,7),(392,32,7),(393,33,7),(394,34,7),(395,35,7),(396,36,7),(397,37,7),(398,38,7),(399,39,7),(400,40,7),(401,41,7),(402,42,7),(403,43,7),(404,44,7),(405,45,7),(406,46,7),(407,47,7),(408,48,7),(409,49,7),(410,50,7),(411,51,7),(412,52,7),(413,53,7),(414,54,7),(415,55,7),(416,56,7),(417,57,7),(418,58,7),(419,59,7),(420,60,7),(421,1,8),(422,2,8),(423,3,8),(424,4,8),(425,5,8),(426,6,8),(427,7,8),(428,8,8),(429,9,8),(430,10,8),(431,11,8),(432,12,8),(433,13,8),(434,14,8),(435,15,8),(436,16,8),(437,17,8),(438,18,8),(439,19,8),(440,20,8),(441,21,8),(442,22,8),(443,23,8),(444,24,8),(445,25,8),(446,26,8),(447,27,8),(448,28,8),(449,29,8),(450,30,8),(451,31,8),(452,32,8),(453,33,8),(454,34,8),(455,35,8),(456,36,8),(457,37,8),(458,38,8),(459,39,8),(460,40,8),(461,41,8),(462,42,8),(463,43,8),(464,44,8),(465,45,8),(466,46,8),(467,47,8),(468,48,8),(469,49,8),(470,50,8),(471,51,8),(472,52,8),(473,53,8),(474,54,8),(475,55,8),(476,56,8),(477,57,8),(478,58,8),(479,59,8),(480,60,8),(481,1,9),(482,2,9),(483,3,9),(484,4,9),(485,5,9),(486,6,9),(487,7,9),(488,8,9),(489,9,9),(490,10,9),(491,11,9),(492,12,9),(493,13,9),(494,14,9),(495,15,9),(496,16,9),(497,17,9),(498,18,9),(499,19,9),(500,20,9),(501,21,9),(502,22,9),(503,23,9),(504,24,9),(505,25,9),(506,26,9),(507,27,9),(508,28,9),(509,29,9),(510,30,9),(511,31,9),(512,32,9),(513,33,9),(514,34,9),(515,35,9),(516,36,9),(517,37,9),(518,38,9),(519,39,9),(520,40,9),(521,41,9),(522,42,9),(523,43,9),(524,44,9),(525,45,9),(526,46,9),(527,47,9),(528,48,9),(529,49,9),(530,50,9),(531,51,9),(532,52,9),(533,53,9),(534,54,9),(535,55,9),(536,56,9),(537,57,9),(538,58,9),(539,59,9),(540,60,9),(541,1,10),(542,2,10),(543,3,10),(544,4,10),(545,5,10),(546,6,10),(547,7,10),(548,8,10),(549,9,10),(550,10,10),(551,11,10),(552,12,10),(553,13,10),(554,14,10),(555,15,10),(556,16,10),(557,17,10),(558,18,10),(559,19,10),(560,20,10),(561,21,10),(562,22,10),(563,23,10),(564,24,10),(565,25,10),(566,26,10),(567,27,10),(568,28,10),(569,29,10),(570,30,10),(571,31,10),(572,32,10),(573,33,10),(574,34,10),(575,35,10),(576,36,10),(577,37,10),(578,38,10),(579,39,10),(580,40,10),(581,41,10),(582,42,10),(583,43,10),(584,44,10),(585,45,10),(586,46,10),(587,47,10),(588,48,10),(589,49,10),(590,50,10),(591,51,10),(592,52,10),(593,53,10),(594,54,10),(595,55,10),(596,56,10),(597,57,10),(598,58,10),(599,59,10),(600,60,10),(601,1,11),(602,2,11),(603,3,11),(604,4,11),(605,5,11),(606,6,11),(607,7,11),(608,8,11),(609,9,11),(610,10,11),(611,11,11),(612,12,11),(613,13,11),(614,14,11),(615,15,11),(616,16,11),(617,17,11),(618,18,11),(619,19,11),(620,20,11),(621,21,11),(622,22,11),(623,23,11),(624,24,11),(625,25,11),(626,26,11),(627,27,11),(628,28,11),(629,29,11),(630,30,11),(631,31,11),(632,32,11),(633,33,11),(634,34,11),(635,35,11),(636,36,11),(637,37,11),(638,38,11),(639,39,11),(640,40,11),(641,41,11),(642,42,11),(643,43,11),(644,44,11),(645,45,11),(646,46,11),(647,47,11),(648,48,11),(649,49,11),(650,50,11),(651,51,11),(652,52,11),(653,53,11),(654,54,11),(655,55,11),(656,56,11),(657,57,11),(658,58,11),(659,59,11),(660,60,11),(661,1,12),(662,2,12),(663,3,12),(664,4,12),(665,5,12),(666,6,12),(667,7,12),(668,8,12),(669,9,12),(670,10,12),(671,11,12),(672,12,12),(673,13,12),(674,14,12),(675,15,12),(676,16,12),(677,17,12),(678,18,12),(679,19,12),(680,20,12),(681,21,12),(682,22,12),(683,23,12),(684,24,12),(685,25,12),(686,26,12),(687,27,12),(688,28,12),(689,29,12),(690,30,12),(691,31,12),(692,32,12),(693,33,12),(694,34,12),(695,35,12),(696,36,12),(697,37,12),(698,38,12),(699,39,12),(700,40,12),(701,41,12),(702,42,12),(703,43,12),(704,44,12),(705,45,12),(706,46,12),(707,47,12),(708,48,12),(709,49,12),(710,50,12),(711,51,12),(712,52,12),(713,53,12),(714,54,12),(715,55,12),(716,56,12),(717,57,12),(718,58,12),(719,59,12),(720,60,12),(721,1,13),(722,2,13),(723,3,13),(724,4,13),(725,5,13),(726,6,13),(727,7,13),(728,8,13),(729,9,13),(730,10,13),(731,11,13),(732,12,13),(733,13,13),(734,14,13),(735,15,13),(736,16,13),(737,17,13),(738,18,13),(739,19,13),(740,20,13),(741,21,13),(742,22,13),(743,23,13),(744,24,13),(745,25,13),(746,26,13),(747,27,13),(748,28,13),(749,29,13),(750,30,13),(751,31,13),(752,32,13),(753,33,13),(754,34,13),(755,35,13),(756,36,13),(757,37,13),(758,38,13),(759,39,13),(760,40,13),(761,41,13),(762,42,13),(763,43,13),(764,44,13),(765,45,13),(766,46,13),(767,47,13),(768,48,13),(769,49,13),(770,50,13),(771,51,13),(772,52,13),(773,53,13),(774,54,13),(775,55,13),(776,56,13),(777,57,13),(778,58,13),(779,59,13),(780,60,13),(781,1,14),(782,2,14),(783,3,14),(784,4,14),(785,5,14),(786,6,14),(787,7,14),(788,8,14),(789,9,14),(790,10,14),(791,11,14),(792,12,14),(793,13,14),(794,14,14),(795,15,14),(796,16,14),(797,17,14),(798,18,14),(799,19,14),(800,20,14),(801,21,14),(802,22,14),(803,23,14),(804,24,14),(805,25,14),(806,26,14),(807,27,14),(808,28,14),(809,29,14),(810,30,14),(811,31,14),(812,32,14),(813,33,14),(814,34,14),(815,35,14),(816,36,14),(817,37,14),(818,38,14),(819,39,14),(820,40,14),(821,41,14),(822,42,14),(823,43,14),(824,44,14),(825,45,14),(826,46,14),(827,47,14),(828,48,14),(829,49,14),(830,50,14),(831,51,14),(832,52,14),(833,53,14),(834,54,14),(835,55,14),(836,56,14),(837,57,14),(838,58,14),(839,59,14),(840,60,14),(841,1,15),(842,2,15),(843,3,15),(844,4,15),(845,5,15),(846,6,15),(847,7,15),(848,8,15),(849,9,15),(850,10,15),(851,11,15),(852,12,15),(853,13,15),(854,14,15),(855,15,15),(856,16,15),(857,17,15),(858,18,15),(859,19,15),(860,20,15),(861,21,15),(862,22,15),(863,23,15),(864,24,15),(865,25,15),(866,26,15),(867,27,15),(868,28,15),(869,29,15),(870,30,15),(871,31,15),(872,32,15),(873,33,15),(874,34,15),(875,35,15),(876,36,15),(877,37,15),(878,38,15),(879,39,15),(880,40,15),(881,41,15),(882,42,15),(883,43,15),(884,44,15),(885,45,15),(886,46,15),(887,47,15),(888,48,15),(889,49,15),(890,50,15),(891,51,15),(892,52,15),(893,53,15),(894,54,15),(895,55,15),(896,56,15),(897,57,15),(898,58,15),(899,59,15),(900,60,15),(901,1,16),(902,2,16),(903,3,16),(904,4,16),(905,5,16),(906,6,16),(907,7,16),(908,8,16),(909,9,16),(910,10,16),(911,11,16),(912,12,16),(913,13,16),(914,14,16),(915,15,16),(916,16,16),(917,17,16),(918,18,16),(919,19,16),(920,20,16),(921,21,16),(922,22,16),(923,23,16),(924,24,16),(925,25,16),(926,26,16),(927,27,16),(928,28,16),(929,29,16),(930,30,16),(931,31,16),(932,32,16),(933,33,16),(934,34,16),(935,35,16),(936,36,16),(937,37,16),(938,38,16),(939,39,16),(940,40,16),(941,41,16),(942,42,16),(943,43,16),(944,44,16),(945,45,16),(946,46,16),(947,47,16),(948,48,16),(949,49,16),(950,50,16),(951,51,16),(952,52,16),(953,53,16),(954,54,16),(955,55,16),(956,56,16),(957,57,16),(958,58,16),(959,59,16),(960,60,16),(961,1,17),(962,2,17),(963,3,17),(964,4,17),(965,5,17),(966,6,17),(967,7,17),(968,8,17),(969,9,17),(970,10,17),(971,11,17),(972,12,17),(973,13,17),(974,14,17),(975,15,17),(976,16,17),(977,17,17),(978,18,17),(979,19,17),(980,20,17),(981,21,17),(982,22,17),(983,23,17),(984,24,17),(985,25,17),(986,26,17),(987,27,17),(988,28,17),(989,29,17),(990,30,17),(991,31,17),(992,32,17),(993,33,17),(994,34,17),(995,35,17),(996,36,17),(997,37,17),(998,38,17),(999,39,17),(1000,40,17),(1001,41,17),(1002,42,17),(1003,43,17),(1004,44,17),(1005,45,17),(1006,46,17),(1007,47,17),(1008,48,17),(1009,49,17),(1010,50,17),(1011,51,17),(1012,52,17),(1013,53,17),(1014,54,17),(1015,55,17),(1016,56,17),(1017,57,17),(1018,58,17),(1019,59,17),(1020,60,17),(1021,1,18),(1022,2,18),(1023,3,18),(1024,4,18),(1025,5,18),(1026,6,18),(1027,7,18),(1028,8,18),(1029,9,18),(1030,10,18),(1031,11,18),(1032,12,18),(1033,13,18),(1034,14,18),(1035,15,18),(1036,16,18),(1037,17,18),(1038,18,18),(1039,19,18),(1040,20,18),(1041,21,18),(1042,22,18),(1043,23,18),(1044,24,18),(1045,25,18),(1046,26,18),(1047,27,18),(1048,28,18),(1049,29,18),(1050,30,18),(1051,31,18),(1052,32,18),(1053,33,18),(1054,34,18),(1055,35,18),(1056,36,18),(1057,37,18),(1058,38,18),(1059,39,18),(1060,40,18),(1061,41,18),(1062,42,18),(1063,43,18),(1064,44,18),(1065,45,18),(1066,46,18),(1067,47,18),(1068,48,18),(1069,49,18),(1070,50,18),(1071,51,18),(1072,52,18),(1073,53,18),(1074,54,18),(1075,55,18),(1076,56,18),(1077,57,18),(1078,58,18),(1079,59,18),(1080,60,18),(1081,1,19),(1082,2,19),(1083,3,19),(1084,4,19),(1085,5,19),(1086,6,19),(1087,7,19),(1088,8,19),(1089,9,19),(1090,10,19),(1091,11,19),(1092,12,19),(1093,13,19),(1094,14,19),(1095,15,19),(1096,16,19),(1097,17,19),(1098,18,19),(1099,19,19),(1100,20,19),(1101,21,19),(1102,22,19),(1103,23,19),(1104,24,19),(1105,25,19),(1106,26,19),(1107,27,19),(1108,28,19),(1109,29,19),(1110,30,19),(1111,31,19),(1112,32,19),(1113,33,19),(1114,34,19),(1115,35,19),(1116,36,19),(1117,37,19),(1118,38,19),(1119,39,19),(1120,40,19),(1121,41,19),(1122,42,19),(1123,43,19),(1124,44,19),(1125,45,19),(1126,46,19),(1127,47,19),(1128,48,19),(1129,49,19),(1130,50,19),(1131,51,19),(1132,52,19),(1133,53,19),(1134,54,19),(1135,55,19),(1136,56,19),(1137,57,19),(1138,58,19),(1139,59,19),(1140,60,19),(1141,1,20),(1142,2,20),(1143,3,20),(1144,4,20),(1145,5,20),(1146,6,20),(1147,7,20),(1148,8,20),(1149,9,20),(1150,10,20),(1151,11,20),(1152,12,20),(1153,13,20),(1154,14,20),(1155,15,20),(1156,16,20),(1157,17,20),(1158,18,20),(1159,19,20),(1160,20,20),(1161,21,20),(1162,22,20),(1163,23,20),(1164,24,20),(1165,25,20),(1166,26,20),(1167,27,20),(1168,28,20),(1169,29,20),(1170,30,20),(1171,31,20),(1172,32,20),(1173,33,20),(1174,34,20),(1175,35,20),(1176,36,20),(1177,37,20),(1178,38,20),(1179,39,20),(1180,40,20),(1181,41,20),(1182,42,20),(1183,43,20),(1184,44,20),(1185,45,20),(1186,46,20),(1187,47,20),(1188,48,20),(1189,49,20),(1190,50,20),(1191,51,20),(1192,52,20),(1193,53,20),(1194,54,20),(1195,55,20),(1196,56,20),(1197,57,20),(1198,58,20),(1199,59,20),(1200,60,20),(1201,1,21),(1202,2,21),(1203,3,21),(1204,4,21),(1205,5,21),(1206,6,21),(1207,7,21),(1208,8,21),(1209,9,21),(1210,10,21),(1211,11,21),(1212,12,21),(1213,13,21),(1214,14,21),(1215,15,21),(1216,16,21),(1217,17,21),(1218,18,21),(1219,19,21),(1220,20,21),(1221,21,21),(1222,22,21),(1223,23,21),(1224,24,21),(1225,25,21),(1226,26,21),(1227,27,21),(1228,28,21),(1229,29,21),(1230,30,21),(1231,31,21),(1232,32,21),(1233,33,21),(1234,34,21),(1235,35,21),(1236,36,21),(1237,37,21),(1238,38,21),(1239,39,21),(1240,40,21),(1241,41,21),(1242,42,21),(1243,43,21),(1244,44,21),(1245,45,21),(1246,46,21),(1247,47,21),(1248,48,21),(1249,49,21),(1250,50,21),(1251,51,21),(1252,52,21),(1253,53,21),(1254,54,21),(1255,55,21),(1256,56,21),(1257,57,21),(1258,58,21),(1259,59,21),(1260,60,21),(1261,1,22),(1262,2,22),(1263,3,22),(1264,4,22),(1265,5,22),(1266,6,22),(1267,7,22),(1268,8,22),(1269,9,22),(1270,10,22),(1271,11,22),(1272,12,22),(1273,13,22),(1274,14,22),(1275,15,22),(1276,16,22),(1277,17,22),(1278,18,22),(1279,19,22),(1280,20,22),(1281,21,22),(1282,22,22),(1283,23,22),(1284,24,22),(1285,25,22),(1286,26,22),(1287,27,22),(1288,28,22),(1289,29,22),(1290,30,22),(1291,31,22),(1292,32,22),(1293,33,22),(1294,34,22),(1295,35,22),(1296,36,22),(1297,37,22),(1298,38,22),(1299,39,22),(1300,40,22),(1301,41,22),(1302,42,22),(1303,43,22),(1304,44,22),(1305,45,22),(1306,46,22),(1307,47,22),(1308,48,22),(1309,49,22),(1310,50,22),(1311,51,22),(1312,52,22),(1313,53,22),(1314,54,22),(1315,55,22),(1316,56,22),(1317,57,22),(1318,58,22),(1319,59,22),(1320,60,22),(1321,1,23),(1322,2,23),(1323,3,23),(1324,4,23),(1325,5,23),(1326,6,23),(1327,7,23),(1328,8,23),(1329,9,23),(1330,10,23),(1331,11,23),(1332,12,23),(1333,13,23),(1334,14,23),(1335,15,23),(1336,16,23),(1337,17,23),(1338,18,23),(1339,19,23),(1340,20,23),(1341,21,23),(1342,22,23),(1343,23,23),(1344,24,23),(1345,25,23),(1346,26,23),(1347,27,23),(1348,28,23),(1349,29,23),(1350,30,23),(1351,31,23),(1352,32,23),(1353,33,23),(1354,34,23),(1355,35,23),(1356,36,23),(1357,37,23),(1358,38,23),(1359,39,23),(1360,40,23),(1361,41,23),(1362,42,23),(1363,43,23),(1364,44,23),(1365,45,23),(1366,46,23),(1367,47,23),(1368,48,23),(1369,49,23),(1370,50,23),(1371,51,23),(1372,52,23),(1373,53,23),(1374,54,23),(1375,55,23),(1376,56,23),(1377,57,23),(1378,58,23),(1379,59,23),(1380,60,23),(1381,1,24),(1382,2,24),(1383,3,24),(1384,4,24),(1385,5,24),(1386,6,24),(1387,7,24),(1388,8,24),(1389,9,24),(1390,10,24),(1391,11,24),(1392,12,24),(1393,13,24),(1394,14,24),(1395,15,24),(1396,16,24),(1397,17,24),(1398,18,24),(1399,19,24),(1400,20,24),(1401,21,24),(1402,22,24),(1403,23,24),(1404,24,24),(1405,25,24),(1406,26,24),(1407,27,24),(1408,28,24),(1409,29,24),(1410,30,24),(1411,31,24),(1412,32,24),(1413,33,24),(1414,34,24),(1415,35,24),(1416,36,24),(1417,37,24),(1418,38,24),(1419,39,24),(1420,40,24),(1421,41,24),(1422,42,24),(1423,43,24),(1424,44,24),(1425,45,24),(1426,46,24),(1427,47,24),(1428,48,24),(1429,49,24),(1430,50,24),(1431,51,24),(1432,52,24),(1433,53,24),(1434,54,24),(1435,55,24),(1436,56,24),(1437,57,24),(1438,58,24),(1439,59,24),(1440,60,24);
/*!40000 ALTER TABLE `time_dimension` ENABLE KEYS */;
UNLOCK TABLES;

--
-- Table structure for table `timezone_dimension`
--

DROP TABLE IF EXISTS `timezone_dimension`;
/*!40101 SET @saved_cs_client     = @@character_set_client */;
/*!50503 SET character_set_client = utf8mb4 */;
CREATE TABLE `timezone_dimension` (
  `Timezone_Key` int NOT NULL AUTO_INCREMENT,
  `Timezone_UTC_Offset` int NOT NULL,
  PRIMARY KEY (`Timezone_Key`)
) ENGINE=InnoDB AUTO_INCREMENT=8 DEFAULT CHARSET=utf8;
/*!40101 SET character_set_client = @saved_cs_client */;

--
-- Dumping data for table `timezone_dimension`
--

LOCK TABLES `timezone_dimension` WRITE;
/*!40000 ALTER TABLE `timezone_dimension` DISABLE KEYS */;
INSERT INTO `timezone_dimension` VALUES (1,-5),(2,-6),(3,-8),(4,0),(5,1),(6,9),(7,5);
/*!40000 ALTER TABLE `timezone_dimension` ENABLE KEYS */;
UNLOCK TABLES;

--
-- Table structure for table `vendor_dimension`
--

DROP TABLE IF EXISTS `vendor_dimension`;
/*!40101 SET @saved_cs_client     = @@character_set_client */;
/*!50503 SET character_set_client = utf8mb4 */;
CREATE TABLE `vendor_dimension` (
  `Vendor_Key` int NOT NULL AUTO_INCREMENT,
  `Vendor_ID` int NOT NULL,
  `Vendor_Name` varchar(50) NOT NULL,
  `Contact_Person` varchar(25) DEFAULT NULL,
  `Email` varchar(35) DEFAULT NULL,
  `Phone` varchar(20) DEFAULT NULL,
  `Country_Code` varchar(2) DEFAULT NULL,
  `Country_Name` varchar(45) DEFAULT NULL,
  `State_Code` varchar(3) DEFAULT NULL,
  `State_Name` varchar(80) DEFAULT NULL,
  `State_Type` varchar(60) DEFAULT NULL,
  PRIMARY KEY (`Vendor_Key`)
) ENGINE=InnoDB AUTO_INCREMENT=65 DEFAULT CHARSET=utf8;
/*!40101 SET character_set_client = @saved_cs_client */;

--
-- Dumping data for table `vendor_dimension`
--

LOCK TABLES `vendor_dimension` WRITE;
/*!40000 ALTER TABLE `vendor_dimension` DISABLE KEYS */;
INSERT INTO `vendor_dimension` VALUES (1,1,'Action One Logistics, Inc.','Belinda Richardson','eclbee@aol.com','410-452-5075','GB','United Kingdom','NFK','Norfolk','County'),(2,3,'ARRC Line','Rurik Greengrass','info@arrcm.com','201-356-2300',NULL,NULL,NULL,NULL,NULL),(3,4,'Atlantic Container Line (ACL)','Abrahan Piesing','apiesing3@geocities.jp','330-813-7129',NULL,NULL,NULL,NULL,NULL),(4,5,'BaltiCarrier (Div. of Spliethoff)','Anthia Finnigan','afinnigan4@va.gov','203-650-0599',NULL,NULL,NULL,NULL,NULL),(5,6,'Bristol Transportion','Deina McMearty','dmcmearty5@chronoengine.com','267-134-9579',NULL,NULL,NULL,NULL,NULL),(6,7,'Canada States Africa Line (CSAL)','Derwin Parnall','dparnall6@nbcnews.com','626-898-2879',NULL,NULL,NULL,NULL,NULL),(7,8,'Capes Shipping Agencies','Colene Andrei','candrei7@google.ca','937-676-9538',NULL,NULL,NULL,NULL,NULL),(8,9,'Cavalier Logistics Management, Inc.','Theda Flintoffe','tflintoffe8@java.com','814-145-1122',NULL,NULL,NULL,NULL,NULL),(9,10,'CMA CGM (America) LLC','Billie Mapplethorpe','bmapplethorpe9@unblog.fr','601-248-8696',NULL,NULL,NULL,NULL,NULL),(10,11,'Coleman Worldwide Moving/Allied','Callie Eveleigh','ceveleigha@google.ca','808-902-1874',NULL,NULL,NULL,NULL,NULL),(11,12,'Columbia Coastal Transport LLC','Gwynne Lauder','glauderb@arstechnica.com','405-120-5345',NULL,NULL,NULL,NULL,NULL),(12,13,'Cosco Shipping Lines (North America) Inc.','Verna McCrorie','vmccroriec@illinois.edu','313-757-2092',NULL,NULL,NULL,NULL,NULL),(13,14,'East International Holdings LLC','Jessamine Urlich','jurlichd@oaic.gov.au','562-601-2369',NULL,NULL,NULL,NULL,NULL),(14,15,'Evergreen Shipping Agency (America) Corp.','Talbert De\'Ath','tdeathe@acquirethisname.com','817-818-4743',NULL,NULL,NULL,NULL,NULL),(15,16,'Forrsmith Logistics Services','Marv Janczak','mjanczakf@umn.edu','937-811-2754',NULL,NULL,NULL,NULL,NULL),(16,17,'Free State Marine Services','Cordy Etherington','cetheringtong@admin.ch','704-358-5318','VC','Saint Vincent and the Grenadines','01','Charlotte     ','Parish'),(17,29,'GAC North America','Maurise Egel','megels@ameblo.jp','336-158-4238',NULL,NULL,NULL,NULL,NULL),(18,30,'Grimaldi Lines (c/o ACL)','Louie O\'Griffin','logriffint@uiuc.edu','843-592-1135',NULL,NULL,NULL,NULL,NULL),(19,31,'Hamburg Süd North America, Inc.','Emery Landman','elandmanu@sohu.com','304-579-9900',NULL,NULL,NULL,NULL,NULL),(20,32,'Hapag-Lloyd (America) Inc.','Diannne Cannings','dcanningsv@cbsnews.com','304-697-5609',NULL,NULL,NULL,NULL,NULL),(21,33,'Hoegh Autoliners Inc.','Boyce Giraudy','bgiraudyw@g.co','915-450-1224',NULL,NULL,NULL,NULL,NULL),(22,34,'Host Agency','Orran Abbay','oabbayx@nsw.gov.au','321-138-2257',NULL,NULL,NULL,NULL,NULL),(23,35,'Hyundai America Shipping Agency, Inc.','Nelia Havard','nhavardy@sohu.com','212-827-2533',NULL,NULL,NULL,NULL,NULL),(24,36,'Inchcape Shipping Services','Aldric Bompass','abompassz@techcrunch.com','918-209-6602',NULL,NULL,NULL,NULL,NULL),(25,37,'John S. Connor Inc. (Agent/Operator)','Josi Ceney','jceney10@simplemachines.org','304-286-4594',NULL,NULL,NULL,NULL,NULL),(26,38,'K Line America, Inc.','Bryce Deschelle','bdeschelle11@ted.com','503-115-6256','JM','Jamaica','04','Portland','Partish'),(27,39,'Landstar','Barbi Verlinden','bverlinden12@yale.edu','646-879-3207',NULL,NULL,NULL,NULL,NULL),(28,40,'Liberty Global Logistics','Moselle Daglish','mdaglish13@wp.com','617-494-0417',NULL,NULL,NULL,NULL,NULL),(29,43,'Lockwood Brothers, Inc.','Rori Shucksmith','rshucksmith16@thetimes.co.uk','281-450-0614',NULL,NULL,NULL,NULL,NULL),(30,49,'Logistics, Inc.','Orsola Longworthy','olongworthy1c@lycos.com','619-661-2029',NULL,NULL,NULL,NULL,NULL),(31,50,'Maersk Line','Beck Hackelton','bhackelton1d@stanford.edu','239-646-7716',NULL,NULL,NULL,NULL,NULL),(32,51,'Maryland Department of Commerce','Haroun Rennles','hrennles1e@cbsnews.com','704-782-0930','VC','Saint Vincent and the Grenadines','01','Charlotte     ','Parish'),(33,52,'McAllister Towing of Baltimore Inc.','Felizio Mariel','fmariel1f@squarespace.com','217-192-8258',NULL,NULL,NULL,NULL,NULL),(34,53,'McKeil Marine Limited','Siusan Knocker','sknocker1g@indiatimes.com','239-848-0895',NULL,NULL,NULL,NULL,NULL),(35,54,'Mediterranean Shipping Co. (USA)','Paulie McKnish','pmcknish1h@example.com','978-911-9313',NULL,NULL,NULL,NULL,NULL),(36,55,'Mid-Atlantic Terminal (MAT)','Annabal Burgill','aburgill1i@scientificamerican.com','847-329-3616',NULL,NULL,NULL,NULL,NULL),(37,58,'Mitsui O.S.K. Bulk Shipping','Giacomo Baptie','gbaptie1l@joomla.org','786-131-0541',NULL,NULL,NULL,NULL,NULL),(38,59,'MOL (America) Inc.','Alden Nipper','anipper1m@shinystat.com','402-404-0301',NULL,NULL,NULL,NULL,NULL),(39,61,'Moran Shipping Agencies Inc.','Scottie Romi','sromi1o@hao123.com','405-168-8866',NULL,NULL,NULL,NULL,NULL),(40,62,'Network America Lines, Inc.','Alana Ellwand','aellwand1p@tuttocitta.it','602-988-2252',NULL,NULL,NULL,NULL,NULL),(41,63,'Norton Lilly International','Mella Doncom','mdoncom1q@google.ca','816-413-4240','BB','Barbados','06','Saint Joseph','Parish'),(42,64,'NYK Line (North America) Inc., RO/RO Division','Gavin Smitten','gsmitten1r@abc.net.au','309-165-1450',NULL,NULL,NULL,NULL,NULL),(43,65,'Ocean Ship Inc.','Aldous Shoosmith','ashoosmith1s@ehow.com','310-467-5731',NULL,NULL,NULL,NULL,NULL),(44,73,'Polaris Logistics','Mace Pastor','mpastor20@gizmodo.com','212-762-9467',NULL,NULL,NULL,NULL,NULL),(45,74,'Poseidon Lines','Barbabas Draisey','bdraisey21@bbb.org','512-747-5171',NULL,NULL,NULL,NULL,NULL),(46,75,'Rickmers-Line (America), Inc.','Neile Garmans','ngarmans22@eventbrite.com','405-147-4600',NULL,NULL,NULL,NULL,NULL),(47,76,'S5/Norton Lilly International','Melly Billsberry','mbillsberry23@feedburner.com','832-368-9211',NULL,NULL,NULL,NULL,NULL),(48,77,'Safmarine, Inc. USA','Lyle Cumberlidge','lcumberlidge24@skype.com','971-128-8759','JM','Jamaica','04','Portland','Partish'),(49,78,'Saga Welco AS','Ursuline Kohnert','ukohnert25@mtv.com','713-437-6902',NULL,NULL,NULL,NULL,NULL),(50,79,'Sallaum Lines','Mariam Guilayn','mguilayn26@aboutads.info','540-341-6393',NULL,NULL,NULL,NULL,NULL),(51,80,'Smith Brothers Inc.','Devy Thring','dthring27@answers.com','404-606-0498',NULL,NULL,NULL,NULL,NULL),(52,81,'Sparrows Point Ship Agency','Dalenna Baldi','dbaldi28@biglobe.ne.jp','318-523-4626',NULL,NULL,NULL,NULL,NULL),(53,82,'Steamship Trade Association of Baltimore, Inc.','Josephine Spindler','jspindler29@cocolog-nifty.com','760-646-5436',NULL,NULL,NULL,NULL,NULL),(54,83,'Stellar Freight Ltd.','Jeremias Grigorushkin','jgrigorushkin2a@so-net.ne.jp','754-963-9936',NULL,NULL,NULL,NULL,NULL),(55,84,'Terminal Shipping Co.','Reamonn Disbrow','rdisbrow2b@freewebs.com','804-960-7974',NULL,NULL,NULL,NULL,NULL),(56,85,'Terminal Shipping Company Inc.','Dollie Instrell','dinstrell2c@com.com','203-595-0636',NULL,NULL,NULL,NULL,NULL),(57,86,'Trans-Atlantic Agencies Inc.','Aurthur Quennell','aquennell2d@google.ru','212-901-3794',NULL,NULL,NULL,NULL,NULL),(58,92,'U.S. Maritime Alliance, Ltd.','Brenda Crighton','bcrighton2j@cisco.com','617-505-2569',NULL,NULL,NULL,NULL,NULL),(59,93,'Wallenius Wilhelmsen Logistics','Skylar Hallen','shallen2k@blog.com','786-837-5471',NULL,NULL,NULL,NULL,NULL),(60,94,'Waterman Steamship Corporation','Casie Revie','crevie2l@networkadvertising.org','321-179-2123',NULL,NULL,NULL,NULL,NULL),(61,95,'Western Fumigation','Carol Ellingham','cellingham2m@qq.com','813-924-5404',NULL,NULL,NULL,NULL,NULL),(62,96,'Wilhelmsen Ships Service','Bethany Dreinan','bdreinan2n@free.fr','318-929-4600',NULL,NULL,NULL,NULL,NULL),(63,97,'WWL Baltimore High and Heavy (WWIB)','Nadean Cornelius','ncornelius2o@blogger.com','862-790-1553',NULL,NULL,NULL,NULL,NULL),(64,98,'Yang Ming (America) Corporation','Babbie Yurocjkin','byurocjkin2p@mit.edu','518-761-4124',NULL,NULL,NULL,NULL,NULL);
/*!40000 ALTER TABLE `vendor_dimension` ENABLE KEYS */;
UNLOCK TABLES;
/*!40103 SET TIME_ZONE=@OLD_TIME_ZONE */;

/*!40101 SET SQL_MODE=@OLD_SQL_MODE */;
/*!40014 SET FOREIGN_KEY_CHECKS=@OLD_FOREIGN_KEY_CHECKS */;
/*!40014 SET UNIQUE_CHECKS=@OLD_UNIQUE_CHECKS */;
/*!40101 SET CHARACTER_SET_CLIENT=@OLD_CHARACTER_SET_CLIENT */;
/*!40101 SET CHARACTER_SET_RESULTS=@OLD_CHARACTER_SET_RESULTS */;
/*!40101 SET COLLATION_CONNECTION=@OLD_COLLATION_CONNECTION */;
/*!40111 SET SQL_NOTES=@OLD_SQL_NOTES */;

-- Dump completed on 2020-11-21  6:37:28
